village_id,village_name,farm_id,crop_type,area_ha,final_yield_forecast_kg_ha,yield_p10_kg_ha,yield_p90_kg_ha,production_t,sar_yield_index_z,z_est,z_oct,z_ret,z_uni,season_observed_frac,n_sar_dates,observed,crop_confidence_r3,gamma0_dB_06Jun,gamma0_dB_19Jun,gamma0_dB_14Aug,gamma0_dB_13Oct,gamma0_dB_29Oct,gamma0_dB_12Nov,quality_flag
22,Sokhda,1,Groundnut,0.2842602108358393,2105.4,1348.7,3038.9,0.598,-1.6,-2.337,-1.397,1.072,0.955,0.6,6,True,0.4109,-19.63,-15.848,-20.969,-20.448,-17.365,-21.94,ok
22,Sokhda,2,Groundnut,0.2215418251883499,2195.0,1402.7,3116.7,0.486,-1.371,-1.955,-0.922,0.781,0.58,0.6,6,True,0.3762,-19.205,-15.787,-20.343,-19.951,-16.92,-21.704,ok
22,Sokhda,3,Cotton,0.5008628882666493,836.6,525.9,1196.0,0.419,-0.448,-2.438,0.21,0.628,0.863,0.78,6,True,0.3987,-19.228,-15.827,-21.097,-18.766,-17.92,-20.657,ok
22,Sokhda,4,Bajra,0.033637670655093,3083.4,1930.1,4458.4,0.104,-0.066,0.106,-0.909,0.355,-0.008,0.5,6,True,0.2975,-19.589,-17.001,-18.505,-19.937,-19.795,-22.072,ok
22,Sokhda,5,Cotton,0.5675288112319056,793.0,502.8,1116.5,0.45,-0.431,-1.835,1.204,0.067,-0.145,0.78,6,True,0.3357,-19.206,-15.829,-20.206,-17.725,-17.87,-20.12,ok
22,Sokhda,6,Groundnut,0.8378502189360072,2694.7,1703.5,3806.2,2.258,-0.24,-0.224,-0.512,0.951,-0.029,0.6,6,True,0.2549,-18.635,-17.142,-19.134,-19.522,-18.262,-21.122,ok
22,Sokhda,7,Groundnut,0.1950720911999547,2393.4,1535.9,3397.2,0.467,-0.894,-1.518,-0.577,0.064,0.774,0.6,6,True,0.3444,-18.966,-16.908,-20.816,-19.59,-18.81,-21.988,ok
22,Sokhda,8,Groundnut,0.8917320682281362,2439.4,1555.5,3458.2,2.175,-0.789,-1.25,-0.881,1.739,0.692,0.6,6,True,0.3123,-19.184,-17.097,-20.609,-19.908,-18.148,-20.8,ok
22,Sokhda,9,Rice,0.4170669829003039,1717.4,1162.4,2326.5,0.716,0.714,0.797,0.61,-0.392,-0.332,1.0,6,True,0.2346,-19.622,-18.583,-19.064,-18.347,-19.371,-21.155,ok
22,Sokhda,10,Cotton,0.3860355851925647,907.8,568.3,1291.4,0.35,0.018,-0.681,0.781,0.546,-0.603,0.78,6,True,0.2474,-18.676,-16.037,-18.706,-18.168,-17.145,-20.133,ok
22,Sokhda,11,Groundnut,0.4430542916703957,2441.2,1554.3,3518.9,1.082,-0.785,-0.813,-0.514,0.828,-0.282,0.6,6,True,0.2249,-19.364,-16.867,-19.732,-19.523,-16.25,-21.235,ok
22,Sokhda,12,Groundnut,0.5516646220761335,2460.7,1579.9,3540.2,1.357,-0.741,-0.558,-0.174,1.032,-0.812,0.6,6,True,0.2047,-16.952,-15.851,-18.338,-19.168,-17.432,-20.696,ok
22,Sokhda,13,Groundnut,0.4815186925147954,2333.3,1496.7,3326.0,1.124,-1.034,-1.295,-0.354,1.852,-0.088,0.6,6,True,0.2577,-19.341,-16.644,-20.223,-19.357,-17.076,-20.147,ok
22,Sokhda,14,Maize,0.2896841758437599,2306.1,1487.2,3283.2,0.668,0.173,1.122,1.435,-1.176,-2.457,0.55,6,True,0.2446,-16.04,-15.407,-15.408,-17.483,-17.033,-20.995,ok
22,Sokhda,15,Cotton,2.257871362413479e-07,942.3,580.3,1346.2,0.0,1.441,-0.083,2.64,-1.576,1.44,0.78,6,True,0.2057,-15.419,-14.013,-15.797,-16.221,-17.104,-20.092,ok
22,Sokhda,16,Cotton,1.198032268621871e-07,1147.1,702.6,1678.7,0.0,1.716,1.325,0.117,-0.347,1.787,0.78,6,True,0.2719,-19.622,-19.142,-18.841,-18.864,-20.052,-21.631,ok
22,Sokhda,17,Cotton,8.170756284187064e-09,1099.7,693.3,1565.7,0.0,0.062,-0.409,-0.727,3.0,-1.748,0.78,6,True,0.2811,-21.342,-16.11,-18.376,-19.747,-19.081,-19.437,ok
22,Sokhda,18,Cotton,5.084064626714735e-09,1176.5,736.4,1683.3,0.0,1.065,0.596,-1.1,1.144,1.153,0.78,6,True,0.2782,-20.253,-17.183,-17.962,-20.137,-17.356,-21.564,ok
22,Sokhda,19,Cotton,4.845720711671931e-09,635.1,393.4,916.8,0.0,-0.324,-0.999,1.335,-3.0,2.134,0.78,6,True,0.4727,-20.572,-17.885,-21.025,-17.587,-15.677,-22.874,ok
22,Sokhda,20,Groundnut,0.3876135438595965,2271.5,1464.8,3245.1,0.88,-1.182,-1.496,0.471,0.489,-0.496,0.6,6,True,0.3263,-18.834,-15.078,-18.953,-18.493,-16.744,-20.508,ok
22,Sokhda,21,Groundnut,0.5725174781550666,2071.9,1340.0,2962.4,1.186,-1.688,-2.67,-0.344,0.916,0.822,0.6,6,True,0.4391,-18.934,-14.147,-19.76,-19.346,-17.962,-20.978,ok
22,Sokhda,22,Cotton,0.3980899814218664,542.1,340.0,782.8,0.216,-2.11,-1.678,0.753,-0.467,-2.123,0.78,6,True,0.3557,-18.182,-14.949,-19.094,-18.197,-18.795,-21.072,ok
22,Sokhda,23,Cotton,1.1226129842364727e-09,1135.3,701.7,1617.9,0.0,0.502,0.006,-3.0,1.949,1.896,0.78,6,True,0.3012,-21.797,-22.646,-24.297,-22.274,-20.489,-22.977,ok
22,Sokhda,24,Groundnut,0.256617417728398,2045.0,1325.8,2946.6,0.525,-1.761,-2.26,-0.221,0.369,-0.167,0.6,6,True,0.4173,-17.886,-14.097,-19.104,-19.217,-19.215,-21.341,ok
22,Sokhda,25,Cotton,0.1020199392891068,879.3,549.8,1253.8,0.09,-0.004,-1.019,0.587,0.271,0.167,0.78,6,True,0.2962,-18.067,-15.716,-18.885,-18.371,-18.03,-20.583,ok
22,Sokhda,26,Groundnut,0.4838093252761882,2211.2,1420.3,3156.3,1.07,-1.33,-1.979,-0.339,1.201,0.431,0.6,6,True,0.3799,-18.65,-14.901,-19.491,-19.341,-18.445,-20.716,ok
22,Sokhda,27,Groundnut,0.5415105264041837,2352.9,1497.6,3349.3,1.274,-0.988,-1.267,-0.673,1.408,0.133,0.6,6,True,0.3237,-19.101,-16.062,-19.599,-19.69,-18.82,-20.88,ok
22,Sokhda,28,Groundnut,0.259927890220491,2328.4,1471.9,3294.8,0.605,-1.046,-1.069,-0.059,0.873,-0.679,0.6,6,True,0.3077,-18.346,-15.366,-18.61,-19.048,-17.94,-20.718,ok
22,Sokhda,29,Groundnut,0.5681262967499147,2405.7,1545.9,3395.7,1.367,-0.865,-1.457,-1.219,0.78,1.053,0.6,6,True,0.3407,-19.635,-15.854,-19.672,-20.262,-16.524,-22.016,ok
22,Sokhda,30,Cotton,0.3338709047267693,1232.1,754.0,1765.1,0.411,1.947,1.389,3.0,-0.096,-1.025,0.78,6,True,0.3332,-16.043,-14.131,-13.736,-14.406,-16.248,-16.947,ok
22,Sokhda,31,Groundnut,0.5907185134228785,3000.5,1883.8,4266.8,1.772,0.352,0.082,-0.821,2.018,1.016,0.6,6,True,0.2935,-19.626,-16.58,-18.119,-19.845,-19.169,-20.487,ok
22,Sokhda,32,Groundnut,0.1085043476881907,2313.8,1475.3,3353.1,0.251,-1.08,-1.793,-1.207,1.402,1.138,0.6,6,True,0.374,-17.99,-15.041,-19.357,-20.249,-19.914,-21.444,ok
22,Sokhda,33,Groundnut,0.6522243259691243,1981.2,1250.2,2868.2,1.292,-1.935,-2.106,0.504,2.925,-1.24,0.6,6,True,0.2845,-18.357,-14.061,-18.84,-18.458,-17.936,-18.284,ok
22,Sokhda,34,Groundnut,0.4679714340427883,2169.4,1382.8,3151.5,1.015,-1.435,-2.697,0.547,2.65,1.047,0.6,6,True,0.3957,-19.037,-13.953,-19.607,-18.413,-17.974,-18.486,ok
22,Sokhda,35,Bajra,0.992270754998336,2396.5,1510.5,3543.3,2.378,-1.375,-1.455,-1.531,2.068,-0.045,0.5,6,True,0.3375,-19.49,-15.898,-19.712,-20.588,-18.608,-21.185,ok
22,Sokhda,36,Bajra,0.902129946251072,2595.2,1632.9,3817.7,2.341,-0.961,-0.803,-1.584,1.588,-0.197,0.5,6,True,0.305,-19.91,-16.681,-19.531,-20.644,-19.53,-21.672,ok
22,Sokhda,37,Groundnut,0.5266487272851875,2241.5,1402.5,3148.8,1.18,-1.255,-1.811,-0.038,1.568,0.156,0.6,6,True,0.3526,-18.97,-15.455,-19.797,-19.025,-18.131,-20.071,ok
22,Sokhda,38,Groundnut,0.492507854010358,2221.0,1425.6,3168.6,1.094,-1.306,-2.193,-0.287,1.879,0.858,0.6,6,True,0.3784,-19.062,-15.403,-20.311,-19.286,-17.855,-20.053,ok
22,Sokhda,39,Groundnut,0.6675339882764417,1899.6,1204.2,2738.0,1.268,-2.167,-2.185,0.424,0.006,-1.624,0.6,6,True,0.4009,-18.475,-14.35,-19.245,-18.542,-18.5,-20.992,ok
22,Sokhda,40,Groundnut,0.5319990846374182,2428.8,1553.8,3468.6,1.292,-0.813,-1.435,-0.203,0.587,0.634,0.6,6,True,0.3403,-19.34,-15.553,-19.339,-19.198,-18.688,-21.126,ok
22,Sokhda,41,Cotton,0.944772147474751,1039.5,646.6,1521.0,0.982,1.576,1.071,3.0,-0.981,-0.443,0.78,6,True,0.2801,-15.382,-13.765,-13.84,-14.704,-16.415,-18.041,ok
22,Sokhda,42,Cotton,1.3556459123480105,1363.8,839.8,1954.5,1.849,2.777,2.461,3.0,-0.629,-0.178,0.78,6,True,0.2839,-17.342,-16.094,-14.111,-13.315,-15.754,-16.335,ok
22,Sokhda,43,Groundnut,0.6459871347636221,2305.0,1467.2,3254.3,1.489,-1.101,-1.128,0.295,-0.073,-0.885,0.6,6,True,0.3107,-19.045,-15.793,-19.124,-18.676,-18.26,-21.196,ok
22,Sokhda,44,Groundnut,0.3342891034507806,2968.5,1871.2,4221.7,0.992,0.293,-0.075,0.665,0.37,0.416,0.6,6,True,0.2081,-18.891,-16.8,-18.571,-18.289,-18.479,-20.412,ok
22,Sokhda,45,Groundnut,0.4164261151889281,2965.5,1899.9,4248.9,1.235,0.287,-0.096,0.562,0.229,0.493,0.6,6,True,0.1989,-18.279,-16.784,-18.587,-18.397,-18.431,-20.646,ok
22,Sokhda,46,Cotton,2.8816279759477605e-12,1219.1,754.7,1735.9,0.0,1.495,1.838,0.276,0.652,-0.254,0.78,6,True,0.3083,-17.918,-18.703,-17.643,-18.696,-19.663,-20.566,ok
22,Sokhda,47,Groundnut,0.9941431838624308,2796.0,1781.2,3976.5,2.78,-0.037,-0.219,0.8,0.011,-0.195,0.6,6,True,0.1962,-18.921,-15.52,-17.506,-18.148,-17.908,-20.592,ok
22,Sokhda,48,Groundnut,0.5443159741193601,2456.0,1558.9,3464.1,1.337,-0.752,-0.782,-0.127,0.366,-0.451,0.6,6,True,0.288,-18.954,-15.667,-18.486,-19.119,-17.502,-21.244,ok
22,Sokhda,49,Cotton,1.4403908240645713,841.2,528.8,1221.9,1.212,-0.575,-2.322,1.078,0.936,-0.642,0.78,6,True,0.4001,-18.424,-13.982,-19.08,-17.857,-19.523,-19.471,ok
22,Sokhda,50,Cotton,1.306912311312132e-07,763.9,474.1,1093.7,0.0,-0.203,0.032,0.701,-0.682,-0.378,0.78,6,True,0.2405,-18.205,-15.484,-17.097,-18.251,-18.61,-21.319,ok
22,Sokhda,51,Cotton,0.021906183441864,881.2,550.6,1284.0,0.019,-0.9,-1.671,-1.917,2.14,-0.044,0.78,6,True,0.357,-19.043,-15.956,-20.092,-20.993,-21.569,-21.525,ok
22,Sokhda,52,Cotton,7.831776115873674e-09,1102.1,694.2,1588.8,0.0,0.074,1.37,-3.0,3.0,-1.235,0.78,6,True,0.3459,-20.421,-19.586,-19.219,-22.5,-18.622,-20.697,ok
22,Sokhda,53,Groundnut,0.2259368620071783,2702.6,1699.6,3858.0,0.611,-0.224,-0.508,0.629,0.246,-0.038,0.6,6,True,0.2698,-19.119,-15.321,-17.735,-18.327,-18.877,-20.561,ok
22,Sokhda,54,Bajra,0.1833500946954329,3472.4,2149.2,5002.7,0.637,0.551,0.409,-0.833,1.682,0.913,0.5,6,True,0.2797,-17.938,-17.218,-18.275,-19.857,-18.416,-20.801,ok
22,Sokhda,55,Maize,0.2351931151356756,3336.9,2134.7,4724.7,0.785,2.272,3.0,-0.932,1.702,0.429,0.55,6,True,0.4166,-19.071,-20.81,-16.919,-19.961,-19.049,-20.887,ok
22,Sokhda,56,Groundnut,0.3370215314449604,2248.3,1434.5,3227.6,0.758,-1.238,-1.535,-0.669,1.372,0.007,0.6,6,True,0.3483,-18.096,-15.628,-19.561,-19.686,-19.497,-20.908,ok
22,Sokhda,57,Cotton,8.545364638340783e-16,870.1,543.1,1248.0,0.0,-0.096,-1.563,-1.222,0.342,2.295,0.78,6,True,0.0525,-18.871,-15.803,-19.778,-20.266,-20.299,-22.413,ok
22,Sokhda,58,Bajra,0.096016580764782,2272.2,1405.8,3268.6,0.218,-1.652,-1.348,-0.862,0.467,-1.252,0.5,6,True,0.3461,-16.786,-14.265,-17.922,-19.889,-18.672,-21.924,ok
22,Sokhda,59,Maize,0.8144783422308708,2231.1,1446.3,3154.1,1.817,-0.015,0.252,0.711,0.193,-0.961,0.55,6,True,0.1986,-18.099,-16.485,-17.773,-18.241,-18.195,-20.522,ok
22,Sokhda,60,Groundnut,0.2806386983997658,2564.0,1632.4,3665.2,0.72,-0.514,-0.671,0.137,-0.249,-0.206,0.6,6,True,0.1999,-17.757,-16.628,-19.282,-18.842,-16.727,-21.521,ok
22,Sokhda,61,Groundnut,0.3749607207946541,2481.0,1578.8,3526.0,0.93,-0.696,-0.426,0.437,-0.235,-1.249,0.6,6,True,0.1958,-17.417,-16.274,-18.565,-18.528,-17.267,-21.194,ok
22,Sokhda,62,Maize,0.4876136060365847,2339.8,1506.1,3293.2,1.141,0.255,1.218,-0.369,0.671,-1.529,0.55,6,True,0.3008,-19.584,-18.266,-18.124,-19.372,-20.016,-21.224,ok
22,Sokhda,63,Groundnut,0.7577981760913929,2208.5,1407.8,3175.7,1.674,-1.337,-1.786,-0.299,0.061,0.041,0.6,6,True,0.3751,-19.117,-15.069,-19.374,-19.298,-18.731,-21.698,ok
22,Sokhda,64,Maize,0.9613098902533448,2305.6,1494.8,3236.4,2.216,0.171,0.32,0.522,-0.522,-0.534,0.55,6,True,0.1809,-18.296,-17.24,-18.428,-18.439,-17.641,-21.362,ok
22,Sokhda,65,Groundnut,1.1754314082487507,2290.4,1464.5,3216.8,2.692,-1.136,-1.835,-0.477,0.141,0.711,0.6,6,True,0.3758,-19.207,-15.066,-19.443,-19.485,-17.677,-21.813,ok
22,Sokhda,66,Groundnut,0.4845022201146881,2179.4,1393.7,3133.7,1.056,-1.41,-2.275,-0.753,0.281,0.985,0.6,6,True,0.4141,-19.722,-14.892,-19.92,-19.774,-17.765,-21.977,ok
22,Sokhda,67,Maize,0.9000453815698743,2505.5,1605.7,3563.6,2.255,0.644,1.048,2.165,-2.188,-1.531,0.55,6,True,0.2858,-15.331,-14.361,-14.471,-16.719,-17.525,-21.14,ok
22,Sokhda,68,Groundnut,0.5116644737487964,2107.3,1328.1,3012.6,1.078,-1.595,-1.232,-0.451,0.792,-1.531,0.6,6,True,0.3166,-19.055,-16.015,-19.5,-19.457,-17.231,-21.2,ok
22,Sokhda,69,Maize,1.0442634460811326,2552.5,1644.1,3634.0,2.665,0.749,1.724,-0.459,0.627,-1.199,0.55,6,True,0.3422,-16.584,-15.745,-14.855,-19.467,-17.805,-21.358,ok
22,Sokhda,70,Maize,1.121296032217443,2293.4,1496.5,3226.9,2.572,0.141,1.295,0.317,-0.809,-2.293,0.55,6,True,0.2872,-17.562,-16.259,-16.003,-18.653,-18.238,-21.835,ok
22,Sokhda,71,Groundnut,0.5035004939765695,2489.4,1579.2,3488.8,1.253,-0.677,-1.262,-0.251,1.3,0.674,0.6,6,True,0.2629,-19.381,-16.131,-19.66,-19.249,-15.738,-20.536,ok
22,Sokhda,72,Groundnut,0.3691253187355509,2982.0,1887.0,4189.3,1.101,0.318,-0.024,-0.849,0.354,1.141,0.6,6,True,0.2779,-19.857,-17.55,-19.246,-19.874,-19.353,-22.011,ok
22,Sokhda,73,Bajra,0.3509148390410827,2708.4,1705.3,3948.2,0.95,-0.74,0.232,-0.794,1.024,-1.947,0.5,6,True,0.1986,-18.081,-17.669,-18.987,-19.817,-16.971,-21.352,ok
22,Sokhda,74,Cotton,0.9351467283416492,830.2,514.4,1184.1,0.776,0.779,1.501,3.0,-1.57,-1.616,0.78,6,True,0.4091,-16.01,-15.391,-14.83,-14.635,-14.874,-18.501,ok
22,Sokhda,75,Groundnut,1.1755913536809968,2346.6,1519.9,3346.2,2.759,-1.003,-0.725,-0.51,0.28,-0.978,0.6,6,True,0.2794,-19.231,-17.076,-19.811,-19.52,-17.655,-21.723,ok
22,Sokhda,76,Cotton,1.311939657480852,730.9,463.7,1041.5,0.959,-0.976,-0.914,0.166,0.294,-1.165,0.78,6,True,0.2864,-18.869,-16.465,-19.48,-18.812,-17.59,-21.003,ok
22,Sokhda,77,Cotton,0.9373809699681762,660.8,416.4,968.7,0.619,-0.901,-0.05,0.905,-0.774,-1.577,0.78,6,True,0.1825,-19.156,-17.957,-19.691,-18.038,-18.65,-21.189,ok
22,Sokhda,78,Groundnut,0.4008839929677567,2152.4,1386.1,3106.6,0.863,-1.479,-2.123,-0.031,2.759,0.176,0.6,6,True,0.3201,-19.591,-15.366,-20.169,-19.018,-16.152,-18.994,ok
22,Sokhda,79,Groundnut,0.5705266848847619,2111.3,1332.2,3037.9,1.205,-1.585,-1.919,-0.697,1.197,-0.123,0.6,6,True,0.3657,-19.706,-16.14,-20.642,-19.715,-17.405,-21.095,ok
22,Sokhda,80,Groundnut,1.3581766549317962,2201.4,1385.7,3127.2,2.99,-1.355,-1.799,-1.109,1.426,0.427,0.6,6,True,0.3609,-19.959,-16.69,-21.015,-20.146,-18.182,-21.319,ok
22,Sokhda,81,Maize,1.496181459322255,2703.0,1736.4,3822.5,4.044,1.075,1.18,-0.444,0.893,0.588,0.55,6,True,0.2917,-20.013,-17.862,-17.777,-19.45,-18.274,-21.103,ok
22,Sokhda,82,Groundnut,1.064641333179936,2884.3,1849.9,4082.7,3.071,0.134,0.071,-0.849,0.173,0.518,0.6,6,True,0.2662,-20.01,-18.113,-19.669,-19.875,-19.145,-22.175,ok
22,Sokhda,83,Cotton,0.490880855487086,804.7,499.2,1135.7,0.395,-0.275,-0.208,0.226,-0.08,-0.385,0.78,6,True,0.1908,-18.38,-17.605,-19.574,-18.749,-18.097,-21.276,ok
22,Sokhda,84,Cotton,0.16524761421084,684.4,425.2,976.7,0.113,-0.253,0.07,1.177,-1.525,-0.134,0.78,6,True,0.218,-19.212,-16.048,-17.604,-17.754,-19.018,-21.578,ok
22,Sokhda,85,Cotton,1.280637977935705,995.3,615.5,1418.0,1.275,1.539,1.282,3.0,-1.286,-0.41,0.78,6,True,0.2542,-14.762,-13.157,-12.92,-13.155,-16.274,-16.766,ok
22,Sokhda,86,Cotton,2.734616647205324,1157.3,710.5,1682.1,3.165,1.891,1.46,3.0,-0.572,-0.715,0.78,6,True,0.3027,-15.491,-13.965,-13.465,-13.755,-16.072,-16.724,ok
22,Sokhda,87,Maize,0.777248708882525,1820.5,1193.9,2604.6,1.415,-1.171,-0.333,0.35,1.568,-2.54,0.55,6,True,0.2276,-17.953,-16.193,-18.347,-18.619,-18.675,-19.665,ok
22,Sokhda,88,Groundnut,0.260868006603177,2363.2,1512.8,3364.7,0.616,-0.964,-1.533,-0.271,0.146,0.479,0.6,6,True,0.3478,-17.309,-15.983,-19.913,-19.27,-18.636,-21.594,ok
22,Sokhda,89,Groundnut,0.7261771928709487,2234.8,1443.4,3212.9,1.623,-1.272,-1.29,-0.412,0.62,-0.651,0.6,6,True,0.3262,-18.07,-16.053,-19.625,-19.417,-18.189,-21.315,ok
22,Sokhda,90,Cotton,0.3848799608978606,850.4,531.0,1202.9,0.327,0.166,0.096,1.051,-0.356,-0.501,0.78,6,True,0.1999,-19.07,-16.995,-18.513,-17.885,-18.27,-20.66,ok
22,Sokhda,91,Cotton,0.2342812214481492,806.2,501.6,1151.0,0.189,-0.016,-0.825,1.88,-0.522,-0.549,0.78,6,True,0.2164,-18.474,-15.163,-18.046,-17.017,-18.602,-19.94,ok
22,Sokhda,92,Cotton,0.2264409709599675,806.2,491.6,1150.6,0.183,0.199,-0.859,1.66,-0.888,0.432,0.78,6,True,0.2013,-19.069,-15.518,-18.451,-17.247,-18.317,-20.5,ok
22,Sokhda,93,Cotton,0.1393293747212762,1095.6,688.4,1572.7,0.153,1.226,-0.607,1.945,0.107,0.617,0.78,6,True,0.271,-18.738,-16.778,-19.338,-16.949,-18.419,-19.308,ok
22,Sokhda,94,Cotton,0.2785054924750704,838.5,524.3,1197.7,0.234,-0.048,-1.155,1.313,-0.103,-0.123,0.78,6,True,0.224,-18.246,-15.554,-18.925,-17.611,-18.207,-20.159,ok
22,Sokhda,95,Maize,0.2840433751677662,2300.4,1512.4,3232.5,0.653,0.159,0.304,0.679,0.405,-0.614,0.55,6,True,0.2558,-16.983,-15.117,-16.328,-18.275,-18.526,-20.366,ok
22,Sokhda,96,Maize,1.1554552082194167,2468.9,1608.0,3471.2,2.853,0.56,0.616,-0.076,1.011,0.176,0.55,6,True,0.2672,-18.812,-17.901,-18.65,-19.065,-19.996,-20.612,ok
22,Sokhda,97,Groundnut,0.5991694971966668,2295.8,1475.7,3286.0,1.376,-1.123,-1.299,-0.038,2.358,-0.458,0.6,6,True,0.2321,-18.452,-16.081,-19.665,-19.025,-19.295,-19.361,ok
22,Sokhda,98,Rice,0.2332142299587677,1891.6,1279.9,2594.3,0.441,1.341,0.78,1.021,0.956,0.771,1.0,6,True,0.2229,-17.547,-17.629,-18.136,-17.916,-19.506,-19.512,ok
22,Sokhda,99,Cotton,0.0758460241113632,928.3,574.7,1315.9,0.07,0.254,0.248,1.335,0.316,-1.463,0.78,6,True,0.2064,-15.497,-16.335,-17.629,-17.588,-19.452,-19.759,ok
22,Sokhda,100,Bajra,1.038304978411163,2897.6,1811.0,4200.6,3.009,-0.389,-0.482,-1.276,2.173,0.462,0.5,6,True,0.3015,-18.142,-16.158,-18.533,-20.322,-18.988,-20.824,ok
22,Sokhda,101,Rice,0.863408252802758,1761.3,1190.4,2400.5,1.521,0.878,0.472,0.881,0.559,0.144,1.0,6,True,0.2179,-19.035,-17.611,-18.574,-18.063,-18.93,-20.016,ok
22,Sokhda,102,Cotton,0.8774275405357334,1036.7,649.3,1479.0,0.91,0.524,-0.51,1.18,0.91,-0.692,0.78,6,True,0.2408,-18.39,-16.233,-18.649,-17.75,-19.144,-19.387,ok
22,Sokhda,103,Rice,0.8204243197416506,2665.4,1825.0,3617.6,2.187,3.568,3.0,3.0,-0.188,0.665,1.0,6,True,0.4175,-18.889,-18.422,-13.809,-13.495,-16.077,-16.118,ok
22,Sokhda,104,Cotton,1.2056742022049345,766.6,481.6,1094.0,0.924,-0.821,-0.655,0.764,0.471,-1.942,0.78,6,True,0.2195,-18.525,-16.493,-19.124,-18.186,-18.595,-20.217,ok
22,Sokhda,105,Cotton,0.8695715446656979,1742.6,1054.5,2528.1,1.515,3.084,1.067,3.0,1.19,-0.09,0.78,6,True,0.4071,-14.695,-13.704,-13.786,-14.908,-16.429,-16.293,ok
22,Sokhda,106,Cotton,1.232768008182174,1110.6,693.2,1582.8,1.369,1.83,1.432,3.0,-0.832,-0.527,0.78,6,True,0.2771,-15.351,-13.464,-13.006,-13.5,-16.369,-16.703,ok
22,Sokhda,107,Maize,0.345415721487276,2027.4,1318.1,2873.9,0.7,-0.559,0.207,0.369,0.476,-2.041,0.55,6,True,0.2023,-18.285,-16.025,-17.379,-18.599,-17.411,-20.626,ok
22,Sokhda,108,Cotton,1.440513439912615,932.0,573.3,1340.6,1.343,1.242,1.269,3.0,-1.354,-0.827,0.78,6,True,0.2623,-15.126,-13.645,-13.426,-14.274,-15.804,-17.946,ok
22,Sokhda,109,Cotton,0.3839817922403229,605.1,382.2,865.9,0.232,-1.585,-1.646,1.94,-0.384,-2.549,0.78,6,True,0.2432,-18.45,-14.854,-18.952,-16.954,-17.966,-19.754,ok
22,Sokhda,110,Cotton,0.902733476203221,979.3,609.3,1402.1,0.884,1.239,1.165,3.0,-0.937,-1.144,0.78,6,True,0.2653,-15.62,-14.182,-14.118,-15.269,-16.313,-18.566,ok
22,Sokhda,111,Cotton,1.7360962439700336,675.7,422.3,962.6,1.173,-1.289,-1.247,1.571,0.116,-2.583,0.78,6,True,0.2576,-19.382,-15.802,-19.309,-17.341,-17.927,-19.691,ok
22,Sokhda,112,Bajra,0.4228356993263947,2865.6,1808.8,4175.9,1.212,-0.446,-0.647,-1.391,1.768,0.681,0.5,6,True,0.3001,-19.431,-16.085,-18.703,-20.442,-18.745,-21.308,ok
22,Sokhda,113,Cotton,0.4519441090941869,494.1,309.1,717.0,0.223,-1.969,-1.596,1.273,-1.489,-1.469,0.78,6,True,0.3313,-18.68,-15.121,-19.146,-17.653,-18.161,-21.446,ok
22,Sokhda,114,Groundnut,2.7160552186196507,1931.5,1208.4,2765.0,5.246,-2.075,-1.325,-0.028,0.387,-2.749,0.6,6,True,0.3262,-19.178,-16.318,-19.941,-19.015,-18.85,-21.122,ok
22,Sokhda,115,Rice,1.1777386518729067,1817.7,1231.2,2480.8,2.141,1.082,0.103,1.147,-1.791,0.8,1.0,6,True,0.3079,-19.503,-17.469,-18.977,-17.785,-18.283,-21.849,ok
22,Sokhda,116,Groundnut,1.4371211218304338,2268.2,1436.4,3199.6,3.26,-1.19,-1.657,0.074,0.341,-0.022,0.6,6,True,0.3504,-19.612,-15.923,-20.036,-18.909,-18.517,-21.057,ok
22,Sokhda,117,Maize,0.5394947723443138,2594.6,1683.9,3575.3,1.4,0.842,0.834,0.865,-1.382,-0.003,0.55,6,True,0.2628,-15.917,-14.852,-15.279,-18.08,-18.155,-21.776,ok
22,Sokhda,118,Groundnut,0.973816937519818,2160.9,1375.4,3105.3,2.104,-1.457,-1.457,-0.561,0.778,-0.724,0.6,6,True,0.3409,-19.309,-16.0,-19.818,-19.573,-18.502,-21.329,ok
22,Sokhda,119,Maize,0.5508221864634812,2383.4,1546.1,3355.4,1.313,0.36,1.145,0.896,-0.757,-1.77,0.55,6,True,0.2864,-15.728,-14.373,-14.34,-18.047,-17.614,-21.182,ok
22,Sokhda,120,Maize,1.090826826352455,2628.2,1690.0,3716.7,2.867,0.915,1.237,0.778,1.47,-0.519,0.55,6,True,0.2937,-19.742,-17.295,-17.124,-18.171,-16.024,-19.306,ok
22,Sokhda,121,Cotton,1.3062825103304567,936.4,586.8,1341.5,1.223,0.752,0.992,3.0,-0.505,-2.218,0.78,6,True,0.3214,-15.805,-15.158,-15.35,-15.289,-15.453,-18.198,ok
22,Sokhda,122,Cotton,0.8742570352409497,897.6,558.5,1286.0,0.785,-0.227,0.26,0.538,0.913,-2.077,0.78,6,True,0.277,-20.184,-19.22,-20.497,-18.423,-17.381,-20.057,ok
22,Sokhda,123,Cotton,0.6430006209264557,892.4,556.1,1296.4,0.574,0.396,-0.261,1.907,-0.319,-0.654,0.78,6,True,0.2717,-19.548,-17.158,-19.206,-16.988,-17.099,-19.73,ok
22,Sokhda,124,Cotton,0.7598516798762366,767.3,479.8,1108.7,0.583,-1.053,-0.061,-0.615,0.936,-2.008,0.78,6,True,0.2523,-19.661,-18.233,-19.984,-19.629,-18.865,-21.244,ok
22,Sokhda,125,Groundnut,1.0225539443500316,2311.5,1472.3,3305.6,2.364,-1.086,-1.388,-0.771,0.83,0.164,0.6,6,True,0.3337,-19.618,-16.459,-20.175,-19.793,-18.257,-21.502,ok
22,Sokhda,126,Cotton,0.7150948808813716,568.5,350.6,823.0,0.407,-1.001,-0.709,0.96,-1.852,-0.06,0.78,6,True,0.2962,-20.049,-17.466,-20.177,-17.981,-17.608,-22.099,ok
22,Sokhda,127,Rice,0.5040409155123979,1693.0,1147.7,2292.2,0.853,0.621,0.422,0.093,-0.505,0.762,1.0,6,True,0.2212,-19.142,-19.046,-20.082,-18.888,-19.2,-21.796,ok
22,Sokhda,128,Groundnut,0.2558524131024084,2468.2,1582.8,3512.5,0.631,-0.724,-1.168,-0.542,3.0,0.532,0.6,6,True,0.2788,-19.289,-16.791,-20.182,-19.553,-17.909,-19.169,ok
22,Sokhda,129,Rice,0.2873982682578124,1685.5,1174.7,2312.5,0.484,0.592,0.713,-0.162,-0.785,0.685,1.0,6,True,0.2368,-20.519,-19.508,-20.115,-19.155,-19.907,-22.316,ok
22,Sokhda,130,Groundnut,1.129894981372383,2813.4,1791.7,3946.2,3.179,-0.003,-0.35,0.17,-0.647,0.443,0.6,6,True,0.2537,-19.078,-16.619,-18.797,-18.807,-18.402,-21.843,ok
22,Sokhda,131,Groundnut,0.3506813898908201,2916.4,1849.2,4231.3,1.023,0.195,-0.059,-0.754,0.269,0.858,0.6,6,True,0.2553,-18.711,-18.534,-20.283,-19.775,-19.266,-21.989,ok
22,Sokhda,132,Rice,0.2254981623826314,1584.1,1075.8,2150.6,0.357,0.189,-0.731,0.325,-0.09,0.81,1.0,6,True,0.273,-18.351,-17.374,-20.118,-18.645,-19.115,-21.181,ok
22,Sokhda,133,Cotton,0.2754255023970374,866.3,544.4,1231.0,0.239,0.13,-0.395,-0.075,-0.12,0.819,0.78,6,True,0.2482,-19.977,-17.814,-20.06,-19.064,-18.165,-21.626,ok
22,Sokhda,134,Cotton,0.5424562315593663,803.5,502.5,1139.9,0.436,-0.12,-0.753,0.431,-0.37,0.504,0.78,6,True,0.1963,-18.559,-17.564,-20.34,-18.535,-18.074,-21.322,ok
22,Sokhda,135,Cotton,2.340303052373448,629.5,389.5,918.8,1.473,-1.8,-0.356,-0.026,0.385,-3.0,0.78,6,True,0.2054,-19.09,-17.068,-19.256,-19.013,-17.388,-21.122,ok
22,Sokhda,136,Groundnut,0.6784272025058703,2478.9,1580.6,3546.0,1.682,-0.7,-0.583,0.295,0.939,-0.902,0.6,6,True,0.2732,-18.399,-15.218,-17.742,-18.676,-18.42,-20.288,ok
22,Sokhda,137,Cotton,1.780815864649631,1501.1,923.5,2176.4,2.673,2.87,1.644,3.0,0.093,0.074,0.78,6,True,0.3626,-18.867,-16.179,-15.406,-13.758,-15.894,-16.129,ok
22,Sokhda,138,Cotton,0.8420534802994826,1769.3,1075.8,2557.9,1.49,3.513,2.106,3.0,0.491,0.288,0.78,6,True,0.3766,-19.384,-16.418,-14.961,-14.552,-15.917,-16.566,ok
22,Sokhda,139,Cotton,0.9984049705209734,671.8,411.3,968.3,0.671,-0.671,-0.889,1.065,-1.014,-0.273,0.78,6,True,0.2739,-19.418,-16.751,-19.727,-17.87,-19.038,-21.236,ok
22,Sokhda,140,Cotton,0.2669220443432319,687.2,429.9,977.8,0.183,0.086,-0.582,2.119,-2.311,0.929,0.78,6,True,0.3896,-19.372,-17.378,-19.9,-16.767,-17.933,-21.298,ok
22,Sokhda,141,Maize,0.4840316854581701,2763.3,1782.5,3901.8,1.338,1.2,1.102,-0.676,1.37,1.154,0.55,6,True,0.2778,-20.006,-19.358,-19.388,-19.693,-18.481,-20.917,ok
22,Sokhda,142,Groundnut,1.945272622124535,3045.5,1948.3,4296.9,5.924,0.434,0.549,-0.503,1.218,0.203,0.6,6,True,0.2564,-19.92,-18.774,-19.623,-19.513,-19.088,-20.873,ok
22,Sokhda,143,Groundnut,0.6452601611646481,3216.5,2024.4,4569.7,2.075,0.735,0.493,-0.125,-0.094,0.854,0.6,6,True,0.1901,-19.182,-17.784,-18.715,-19.116,-16.67,-21.656,ok
22,Sokhda,144,Cotton,2.464586531116192,1322.5,831.1,1907.1,3.259,1.995,0.66,1.982,0.503,0.202,0.78,6,True,0.3171,-19.92,-19.226,-19.91,-16.911,-17.364,-18.913,ok
22,Sokhda,145,Groundnut,1.280297201865029,2936.0,1890.8,4137.8,3.759,0.232,0.092,-0.349,1.205,0.469,0.6,6,True,0.1967,-18.732,-18.032,-19.557,-19.351,-18.91,-20.723,ok
22,Sokhda,146,Cotton,0.6950063945810191,624.6,395.6,886.9,0.434,-1.167,-0.705,1.177,-0.82,-1.592,0.78,6,True,0.1919,-18.689,-16.569,-19.274,-17.753,-18.405,-20.945,ok
22,Sokhda,147,Rice,0.6208175701277161,2251.8,1505.5,3091.3,1.398,2.473,1.584,2.713,-2.83,0.074,1.0,6,True,0.4617,-19.301,-16.514,-15.83,-16.145,-18.629,-21.143,ok
22,Sokhda,148,Cotton,0.2687311528820438,692.6,431.4,996.6,0.186,-0.624,-0.828,1.923,-0.83,-1.296,0.78,6,True,0.1991,-18.939,-16.166,-19.053,-16.972,-19.597,-20.173,ok
22,Sokhda,149,Cotton,1.1391172504945166,538.9,336.7,785.2,0.614,-2.621,-1.147,-0.635,0.412,-3.0,0.78,6,True,0.316,-19.653,-16.043,-19.402,-19.651,-17.326,-21.735,ok
22,Sokhda,150,Groundnut,0.7710070888383248,2165.5,1368.3,3115.9,1.67,-1.445,-1.495,0.241,0.614,-1.028,0.6,6,True,0.3396,-18.869,-15.396,-19.27,-18.733,-18.685,-20.636,ok
22,Sokhda,151,Maize,0.4696501216122695,2618.5,1670.4,3676.8,1.23,0.895,0.485,0.385,-0.223,1.005,0.55,6,True,0.2562,-18.436,-16.453,-17.396,-18.582,-19.414,-21.237,ok
22,Sokhda,152,Groundnut,0.3038206362764897,2541.7,1636.7,3626.6,0.772,-0.563,-1.39,0.169,0.167,0.978,0.6,6,True,0.3339,-18.754,-15.982,-19.7,-18.808,-19.198,-21.113,ok
22,Sokhda,153,Cotton,0.2807673441173454,1340.6,833.0,1927.9,0.376,1.305,-1.239,0.752,2.085,0.595,0.78,6,True,0.2985,-18.913,-16.103,-19.599,-18.198,-18.123,-18.779,ok
22,Sokhda,154,Cotton,0.723847460353637,1391.5,847.1,2021.3,1.007,2.964,3.0,3.0,-0.77,-0.262,0.78,6,True,0.367,-17.923,-15.982,-13.114,-13.745,-15.952,-16.891,ok
22,Sokhda,155,Groundnut,0.4358413456392997,2640.9,1676.6,3731.0,1.151,-0.352,-0.826,-0.567,0.653,0.829,0.6,6,True,0.2926,-18.405,-17.164,-20.047,-19.579,-19.419,-21.447,ok
22,Sokhda,156,Groundnut,0.8466172172870067,2792.5,1788.7,4002.7,2.364,-0.044,-0.552,-0.074,-0.146,0.835,0.6,6,True,0.2694,-19.149,-16.783,-19.262,-19.063,-18.497,-21.649,ok
22,Sokhda,157,Rice,0.4224371561524075,1685.6,1146.6,2269.3,0.712,0.593,0.495,0.485,-0.221,-0.046,1.0,6,True,0.1802,-20.11,-18.97,-19.897,-18.478,-19.171,-21.131,ok
22,Sokhda,158,Groundnut,0.4537630693477505,2403.3,1535.6,3408.7,1.091,-0.871,-0.807,-0.366,-0.013,-0.579,0.6,6,True,0.3024,-18.88,-15.325,-18.18,-19.369,-19.345,-21.836,ok
22,Sokhda,159,Bajra,0.6722226892039258,2645.2,1663.6,3906.3,1.778,-0.862,-0.632,-0.131,-0.053,-0.996,0.5,6,True,0.2888,-18.613,-15.216,-17.813,-19.123,-19.298,-21.626,ok
22,Sokhda,160,Cotton,0.702019525588388,528.3,331.2,746.1,0.371,-1.864,-0.789,0.989,-1.105,-2.198,0.78,6,True,0.2734,-18.003,-16.222,-19.051,-17.95,-18.763,-21.398,ok
22,Sokhda,161,Groundnut,0.5002484352402639,2536.3,1644.3,3546.9,1.269,-0.574,-0.659,0.098,-0.172,-0.354,0.6,6,True,0.267,-18.799,-17.395,-20.032,-18.883,-18.3,-21.492,ok
22,Sokhda,162,Groundnut,0.3072359700729527,2416.3,1528.9,3462.2,0.742,-0.841,-0.815,0.234,1.211,-0.79,0.6,6,True,0.2327,-17.883,-16.056,-18.924,-18.741,-17.782,-20.107,ok
22,Sokhda,163,Cotton,0.980347962241822,1084.1,671.4,1546.5,1.063,1.452,1.081,3.0,-0.399,-1.243,0.78,6,True,0.3241,-15.055,-14.161,-14.222,-14.824,-16.163,-17.638,ok
22,Sokhda,164,Cotton,0.906192737167293,716.6,447.4,1032.1,0.649,-0.884,0.093,1.507,-0.067,-3.0,0.78,6,True,0.2061,-17.402,-15.75,-17.273,-17.408,-18.843,-19.923,ok
22,Sokhda,165,Cotton,0.7514389364106688,645.4,400.7,923.1,0.485,-1.56,-0.237,0.465,0.176,-3.0,0.78,6,True,0.1983,-19.442,-16.77,-18.782,-18.499,-18.236,-20.796,ok
22,Sokhda,166,Groundnut,1.1973765742523796,2669.8,1710.1,3814.9,3.197,-0.292,-0.614,-0.052,0.645,0.331,0.6,6,True,0.203,-19.608,-17.003,-19.573,-19.04,-18.094,-20.916,ok
22,Sokhda,167,Cotton,0.7704174140296096,752.9,472.5,1085.9,0.58,-0.629,-1.24,0.363,-0.065,-0.097,0.78,6,True,0.3055,-19.596,-17.015,-20.512,-18.606,-18.444,-21.119,ok
22,Sokhda,168,Groundnut,0.7724193757020149,2614.7,1671.1,3738.5,2.02,-0.407,-0.258,-0.548,0.604,-0.356,0.6,6,True,0.251,-18.879,-17.914,-19.956,-19.559,-18.912,-21.471,ok
22,Sokhda,169,Bajra,1.2283106611993748,3078.5,1925.9,4522.0,3.781,-0.074,0.845,-1.433,1.3,-1.121,0.5,6,True,0.3309,-16.21,-15.708,-16.118,-20.486,-18.398,-21.772,ok
22,Sokhda,170,Cotton,0.5500544157715738,602.3,375.2,858.6,0.331,-1.118,-0.89,0.699,-1.21,-0.455,0.78,6,True,0.2555,-19.752,-17.682,-20.661,-18.254,-17.557,-21.796,ok
22,Sokhda,171,Cotton,0.3239565531048635,618.9,384.2,905.3,0.2,-0.722,-0.159,1.203,-1.608,-0.63,0.78,6,True,0.3062,-19.292,-17.956,-19.853,-17.726,-18.649,-21.625,ok
22,Sokhda,172,Cotton,0.7412361949080405,1193.2,732.2,1710.5,0.884,0.486,-2.16,3.0,2.984,-3.0,0.78,6,True,0.5646,-19.583,-15.874,-20.733,-15.844,-16.233,-15.617,ok
22,Sokhda,173,Cotton,1.0505682467249404,743.7,465.2,1073.2,0.781,-0.063,1.052,3.0,-1.145,-3.0,0.78,6,True,0.2914,-15.16,-14.63,-14.735,-14.961,-15.212,-18.445,ok
22,Sokhda,174,Maize,0.9525668214601076,2252.3,1447.9,3165.6,2.145,0.039,1.359,0.226,-0.937,-2.615,0.55,6,True,0.2672,-18.394,-17.733,-17.383,-18.749,-18.227,-22.046,ok
22,Sokhda,175,Rice,0.1686314783880216,1595.4,1076.6,2159.9,0.269,0.235,0.678,-0.551,-0.032,0.367,1.0,6,True,0.1827,-20.058,-19.862,-20.52,-19.563,-17.313,-22.047,ok
22,Sokhda,176,Cotton,0.1731525057273974,699.8,433.9,1012.5,0.121,-0.929,-1.013,0.542,-0.208,-0.862,0.78,6,True,0.2265,-18.529,-17.52,-20.68,-18.418,-17.242,-21.06,ok
22,Sokhda,177,Cotton,0.417016906292713,737.1,467.6,1070.0,0.307,-0.721,-0.027,-0.256,-0.098,-0.813,0.78,6,True,0.1899,-19.259,-18.548,-20.25,-19.254,-17.399,-21.797,ok
22,Sokhda,178,Cotton,0.2664482686812132,540.9,342.4,776.8,0.144,-1.383,0.693,1.673,-1.666,-3.0,0.78,6,True,0.377,-18.285,-17.973,-18.609,-17.234,-17.113,-21.186,ok
22,Sokhda,179,Maize,0.2934827487748793,2298.8,1484.4,3258.5,0.675,0.155,0.448,-0.023,0.726,-0.537,0.55,6,True,0.1944,-18.351,-18.234,-19.232,-19.01,-18.742,-20.813,ok
22,Sokhda,180,Groundnut,0.5213027996045472,2852.9,1834.1,4031.0,1.487,0.074,0.195,-0.889,0.012,0.162,0.6,6,True,0.1769,-17.411,-18.76,-20.132,-19.916,-16.794,-22.361,ok
22,Sokhda,181,Groundnut,0.3170852062888362,2257.5,1449.5,3217.7,0.716,-1.216,-1.424,-0.465,0.251,-0.243,0.6,6,True,0.3291,-20.41,-17.159,-20.929,-19.472,-18.141,-21.702,ok
22,Sokhda,182,Cotton,0.4785180004657791,658.3,411.2,947.3,0.315,-1.186,-1.78,0.081,-0.316,0.044,0.78,6,True,0.3518,-20.083,-16.552,-20.848,-18.901,-17.983,-21.64,ok
22,Sokhda,183,Groundnut,0.3600646109439386,2139.1,1361.2,3051.6,0.77,-1.513,-1.787,0.323,-0.122,-0.7,0.6,6,True,0.3639,-19.239,-15.431,-19.736,-18.647,-18.639,-21.211,ok
22,Sokhda,184,Cotton,0.8761300156238778,595.2,369.3,867.9,0.521,-1.439,-2.161,1.021,-0.783,-0.471,0.78,6,True,0.3867,-18.834,-14.724,-19.585,-17.916,-18.373,-21.075,ok
22,Sokhda,185,Cotton,0.4617213093585915,588.7,368.3,849.9,0.272,-1.836,-1.634,0.797,-0.193,-2.027,0.78,6,True,0.3453,-18.972,-14.791,-18.871,-18.151,-17.811,-20.78,ok
22,Sokhda,186,Cotton,0.7721688846969385,572.0,353.8,829.1,0.442,-1.737,0.222,0.516,-0.629,-3.0,0.78,6,True,0.1655,-18.72,-17.77,-19.103,-18.446,-18.777,-21.466,ok
22,Sokhda,187,Rice,0.2648420259177794,1649.3,1121.7,2259.2,0.437,0.451,0.379,0.381,-0.9,-0.108,1.0,6,True,0.169,-18.882,-17.777,-18.877,-18.587,-17.383,-21.85,ok
22,Sokhda,188,Cotton,0.7572062780518057,1080.3,680.5,1547.1,0.818,0.531,0.144,0.527,1.334,-1.106,0.78,6,True,0.297,-19.298,-18.382,-19.83,-18.434,-16.983,-19.69,ok
22,Sokhda,189,Groundnut,0.4966935727849175,3089.8,1948.9,4356.9,1.535,0.513,0.05,-0.303,0.279,1.212,0.6,6,True,0.247,-18.628,-17.754,-19.34,-19.303,-18.777,-21.507,ok
22,Sokhda,190,Groundnut,0.6007625556064117,2534.1,1606.4,3600.3,1.522,-0.579,-1.131,-0.001,-0.053,0.548,0.6,6,True,0.3106,-19.153,-16.453,-19.787,-18.987,-18.478,-21.49,ok
22,Sokhda,191,Bajra,0.181773638670406,3029.0,1876.9,4345.9,0.551,-0.158,0.525,-0.6,0.48,-1.157,0.5,6,True,0.2781,-17.778,-17.427,-18.311,-19.614,-19.196,-21.637,ok
22,Sokhda,192,Groundnut,0.5115188564422274,2425.5,1555.1,3429.3,1.241,-0.82,-1.161,-0.886,0.898,0.454,0.6,6,True,0.3199,-19.462,-17.021,-20.401,-19.914,-19.674,-21.562,ok
22,Sokhda,193,Groundnut,1.1708722939039171,2618.1,1683.0,3713.2,3.065,-0.399,-1.049,0.082,-0.203,0.798,0.6,6,True,0.3003,-19.234,-16.35,-19.565,-18.899,-17.706,-21.537,ok
22,Sokhda,194,Groundnut,0.5905895150811981,2219.8,1403.3,3132.1,1.311,-1.309,-1.599,-0.155,-0.382,-0.305,0.6,6,True,0.3594,-18.826,-15.244,-19.272,-19.148,-18.624,-21.947,ok
22,Sokhda,195,Cotton,0.2704750222983429,628.0,394.9,907.5,0.17,-0.382,-0.756,1.597,-2.198,0.731,0.78,6,True,0.3175,-18.771,-17.055,-19.835,-17.313,-18.928,-21.743,ok
22,Sokhda,196,Rice,0.2478605627610821,1629.0,1099.6,2193.7,0.404,0.371,0.357,-0.281,0.687,0.758,1.0,6,True,0.2063,-19.117,-18.92,-20.052,-19.28,-17.999,-21.117,ok
22,Sokhda,197,Groundnut,0.2251970800390402,2878.6,1862.8,4111.7,0.648,0.123,-0.432,-1.162,1.534,1.57,0.6,6,True,0.2599,-19.372,-17.461,-19.762,-20.202,-17.557,-21.278,ok
22,Sokhda,198,Groundnut,0.1275051537003932,2598.9,1656.8,3718.6,0.331,-0.44,-0.798,-0.463,1.646,0.51,0.6,6,True,0.2332,-18.667,-17.247,-20.09,-19.47,-17.731,-20.445,ok
22,Sokhda,199,Cotton,2.2064500138134653,1205.5,750.1,1712.1,2.66,1.459,0.412,1.359,0.61,0.07,0.78,6,True,0.297,-19.095,-17.579,-18.631,-17.563,-16.562,-19.47,ok
22,Sokhda,200,Cotton,0.9396453164725428,737.4,463.3,1056.9,0.693,0.39,1.095,3.0,-1.909,-1.522,0.78,6,True,0.4055,-16.076,-15.108,-15.148,-15.105,-15.236,-19.275,ok
22,Sokhda,201,Cotton,1.0044624331766328,659.8,409.8,961.0,0.663,-1.228,-0.85,0.168,-0.222,-1.137,0.78,6,True,0.2811,-19.229,-16.565,-19.484,-18.81,-17.369,-21.464,ok
22,Sokhda,202,Cotton,0.7478270702787766,519.2,319.6,754.8,0.388,-2.69,-1.509,-0.154,0.177,-3.0,0.78,6,True,0.354,-18.56,-15.49,-19.384,-19.147,-20.117,-21.443,ok
22,Sokhda,203,Groundnut,0.6296053964305492,1979.7,1256.5,2823.2,1.246,-1.939,-1.925,-0.325,0.73,-1.168,0.6,6,True,0.3745,-19.088,-15.961,-20.472,-19.326,-18.729,-21.125,ok
22,Sokhda,204,Rice,1.0112498838353696,1571.1,1068.7,2132.6,1.589,0.136,-0.403,0.166,1.39,0.457,1.0,6,True,0.294,-19.413,-18.174,-20.431,-18.812,-16.676,-20.017,ok
22,Sokhda,205,Cotton,0.6349802383745021,730.5,459.9,1035.8,0.464,0.403,1.013,3.0,-3.0,-0.326,0.78,6,True,0.5479,-15.226,-14.848,-15.01,-15.211,-17.901,-22.123,ok
22,Sokhda,206,Rice,0.784311710682565,1785.9,1211.5,2446.6,1.401,0.968,0.409,1.029,-1.639,0.244,1.0,6,True,0.2755,-19.023,-17.152,-18.207,-17.908,-18.678,-21.836,ok
22,Sokhda,207,Cotton,0.6967410053794851,606.1,383.5,880.8,0.422,-1.445,-1.223,1.178,-0.613,-1.746,0.78,6,True,0.2233,-16.712,-15.669,-19.14,-17.752,-16.94,-20.758,ok
22,Sokhda,208,Cotton,0.4266130349569345,837.9,516.0,1205.4,0.357,-0.297,-1.041,0.192,0.352,0.013,0.78,6,True,0.2943,-19.183,-16.514,-19.717,-18.784,-17.707,-20.923,ok
22,Sokhda,209,Rice,0.1582519835685695,1818.9,1216.3,2489.6,0.288,1.087,1.065,0.476,-0.273,0.54,1.0,6,True,0.1913,-18.344,-17.988,-18.072,-18.488,-17.061,-21.187,ok
22,Sokhda,210,Cotton,0.3129597991705544,588.2,367.0,854.4,0.184,-1.284,-0.066,1.067,-1.14,-1.996,0.78,6,True,0.1749,-17.479,-17.024,-18.782,-17.868,-18.067,-21.348,ok
22,Sokhda,211,Maize,0.1802465149020178,2675.6,1739.2,3776.6,0.482,1.017,0.969,-0.121,-0.113,0.671,0.55,6,True,0.2481,-18.253,-18.206,-18.433,-19.113,-16.963,-21.669,ok
22,Sokhda,212,Cotton,0.4319206022836689,537.1,335.3,784.2,0.232,-2.449,-1.457,0.318,0.056,-3.0,0.78,6,True,0.3247,-19.345,-15.454,-19.271,-18.652,-16.595,-21.057,ok
22,Sokhda,213,Cotton,0.3845928018852836,677.7,425.9,967.0,0.261,0.013,1.309,3.0,-2.494,-1.781,0.78,6,True,0.4347,-15.581,-15.477,-15.2,-15.55,-17.132,-20.247,ok
22,Sokhda,214,Cotton,0.5767319613707624,863.4,539.6,1245.9,0.498,-0.42,-0.791,0.382,0.896,-1.178,0.78,6,True,0.2482,-19.317,-17.15,-19.982,-18.585,-17.72,-20.235,ok
22,Sokhda,215,Groundnut,0.368371320561087,2266.2,1454.8,3193.5,0.835,-1.195,-1.116,-0.219,1.01,-0.879,0.6,6,True,0.2346,-19.499,-16.891,-20.204,-19.215,-17.065,-20.761,ok
22,Sokhda,216,Cotton,2.257866105104644,778.9,481.0,1099.2,1.759,0.737,1.067,3.0,-2.31,-0.513,0.78,6,True,0.347,-15.737,-14.554,-14.636,-15.625,-18.361,-20.156,ok
22,Sokhda,217,Groundnut,1.618538722957794,2811.5,1816.9,4010.8,4.551,-0.007,0.201,-0.563,0.179,-0.21,0.6,6,True,0.2579,-19.724,-18.208,-19.571,-19.575,-19.294,-21.869,ok
22,Sokhda,218,Maize,0.5209821847620844,2648.6,1682.9,3712.6,1.38,0.959,1.48,2.033,-1.65,-1.483,0.55,6,True,0.2887,-16.225,-15.627,-15.097,-16.857,-17.945,-20.795,ok
22,Sokhda,219,Cotton,0.4809575378341605,771.8,486.4,1091.6,0.371,0.689,0.932,2.871,-2.537,-0.102,0.78,6,True,0.3525,-15.931,-14.557,-14.838,-15.979,-17.966,-20.714,ok
22,Sokhda,220,Groundnut,0.6791941181350513,2106.3,1350.0,3011.0,1.431,-1.598,-1.262,-0.809,2.757,-1.305,0.6,6,True,0.3087,-19.527,-16.437,-19.966,-19.832,-19.123,-19.81,ok
22,Sokhda,221,Cotton,0.4398077316451554,839.1,523.7,1187.9,0.369,-0.318,-1.521,-0.082,0.406,0.677,0.78,6,True,0.3306,-19.503,-16.821,-20.734,-19.071,-17.969,-21.161,ok
22,Sokhda,222,Groundnut,0.31199362653037,2097.2,1331.7,2990.2,0.654,-1.622,-1.487,-0.178,0.408,-1.267,0.6,6,True,0.3335,-19.234,-16.59,-20.452,-19.172,-18.167,-21.26,ok
22,Sokhda,223,Groundnut,0.7449046251333464,2337.9,1513.4,3399.8,1.742,-1.023,-1.59,-0.791,1.802,0.697,0.6,6,True,0.3385,-19.574,-16.565,-20.58,-19.813,-18.285,-20.65,ok
22,Sokhda,224,Groundnut,0.4594212551855331,2240.4,1436.2,3185.3,1.029,-1.258,-1.48,-0.919,1.19,-0.017,0.6,6,True,0.3429,-19.076,-16.177,-20.029,-19.948,-18.758,-21.333,ok
22,Sokhda,225,Groundnut,0.4347827927627647,2218.3,1428.0,3165.0,0.964,-1.312,-1.331,-1.061,0.72,-0.353,0.6,6,True,0.3401,-19.414,-16.558,-20.189,-20.096,-21.171,-21.904,ok
22,Sokhda,226,Groundnut,0.980848019215926,2121.4,1353.5,3037.6,2.081,-1.559,-2.253,-1.025,0.8,0.717,0.6,6,True,0.4089,-19.525,-15.548,-20.544,-20.059,-18.316,-21.795,ok
22,Sokhda,227,Cotton,1.6989458802815125,789.1,497.1,1128.9,1.341,-0.821,-2.442,0.507,0.764,-0.19,0.78,6,True,0.3911,-18.462,-14.775,-20.051,-18.455,-16.713,-20.223,ok
22,Sokhda,228,Bajra,0.4754910576842381,2045.8,1277.3,3049.8,0.973,-2.197,-1.291,-1.088,0.812,-2.581,0.5,6,True,0.3384,-18.827,-15.287,-18.859,-20.125,-19.738,-21.85,ok
22,Sokhda,229,Cotton,0.7804683459311321,576.1,360.3,829.4,0.45,-1.116,-0.596,0.359,-1.574,-0.043,0.78,6,True,0.2535,-18.256,-17.522,-20.066,-18.609,-18.886,-22.479,ok
22,Sokhda,230,Cotton,1.6167286085644208,739.0,458.9,1067.7,1.195,0.463,1.085,2.996,-2.498,-0.796,0.78,6,True,0.376,-16.001,-14.49,-14.545,-15.849,-16.719,-20.549,ok
22,Sokhda,231,Groundnut,0.9411568183957834,2504.6,1588.5,3594.0,2.357,-0.644,-0.607,-0.451,0.59,-0.346,0.6,6,True,0.2712,-18.207,-16.867,-19.426,-19.457,-17.646,-21.382,ok
22,Sokhda,232,Groundnut,0.2671883684737131,2700.2,1724.0,3865.2,0.721,-0.229,-0.224,-0.084,0.075,-0.215,0.6,6,True,0.243,-19.078,-17.534,-19.527,-19.073,-18.686,-21.461,ok
22,Sokhda,233,Groundnut,1.4462685345625117,1824.2,1165.8,2601.4,2.638,-2.39,-2.311,-0.54,1.138,-1.457,0.6,6,True,0.4068,-18.506,-14.874,-19.957,-19.551,-18.054,-20.983,ok
22,Sokhda,234,Cotton,0.7494096865565114,567.9,356.3,812.7,0.426,-2.175,-0.736,0.028,0.084,-3.0,0.78,6,True,0.2779,-17.698,-17.065,-19.815,-18.956,-18.613,-21.336,ok
22,Sokhda,235,Bajra,0.988305653914853,3179.8,1983.0,4629.8,3.143,0.094,0.871,-0.447,0.362,-1.249,0.5,6,True,0.3087,-15.057,-14.143,-14.514,-19.454,-17.619,-21.583,ok
22,Sokhda,236,Cotton,0.9385149634883032,843.9,520.6,1204.1,0.792,-0.056,-0.978,1.37,-0.028,-0.445,0.78,6,True,0.2531,-18.88,-16.859,-19.967,-17.551,-17.886,-20.032,ok
22,Sokhda,237,Groundnut,0.5468197505470982,2133.1,1368.0,3077.2,1.166,-1.528,-1.408,0.015,0.26,-1.278,0.6,6,True,0.3344,-18.598,-15.523,-19.269,-18.97,-18.013,-21.191,ok
22,Sokhda,238,Cotton,0.2241986851892471,825.4,525.1,1186.6,0.185,0.189,-0.109,1.336,-0.664,-0.235,0.78,6,True,0.2215,-18.262,-16.931,-18.753,-17.587,-17.155,-20.639,ok
22,Sokhda,239,Cotton,0.6230334578875042,1008.1,625.5,1431.2,0.628,0.293,-0.758,0.587,1.082,-0.41,0.78,6,True,0.2832,-19.63,-17.477,-20.26,-18.371,-17.298,-19.853,ok
22,Sokhda,240,Groundnut,0.647745570913258,2867.8,1851.0,4046.4,1.858,0.102,0.259,0.578,-1.124,-0.618,0.6,6,True,0.2356,-19.407,-17.231,-18.509,-18.381,-17.492,-21.845,ok
22,Sokhda,241,Groundnut,1.2201418833926574,2373.7,1514.8,3354.6,2.896,-0.939,-1.071,-0.126,0.374,-0.383,0.6,6,True,0.302,-19.6,-16.91,-20.156,-19.117,-18.361,-21.236,ok
22,Sokhda,242,Groundnut,0.2829378630772339,2572.3,1651.9,3649.2,0.728,-0.497,-0.638,-0.571,-0.044,0.131,0.6,6,True,0.2714,-18.315,-17.67,-20.275,-19.583,-17.965,-22.078,ok
22,Sokhda,243,Groundnut,0.3109161381294359,2465.7,1560.5,3513.3,0.767,-0.73,-0.668,-1.348,1.344,0.004,0.6,6,True,0.2849,-19.279,-17.175,-19.825,-20.397,-18.944,-21.644,ok
22,Sokhda,244,Cotton,0.8506963185502399,746.0,463.8,1070.3,0.635,-0.197,-0.093,0.575,-0.899,0.099,0.78,6,True,0.1758,-19.155,-17.934,-19.732,-18.383,-18.005,-21.646,ok
22,Sokhda,245,Groundnut,0.3606361674570256,2145.0,1371.6,3081.1,0.774,-1.498,-1.961,-1.043,0.747,0.339,0.6,6,True,0.3877,-19.766,-16.031,-20.595,-20.078,-19.382,-21.862,ok
22,Sokhda,246,Cotton,1.3289544930386472,634.0,390.3,916.2,0.843,-0.407,1.222,3.0,-1.891,-3.0,0.78,6,True,0.4315,-15.688,-15.113,-14.964,-14.154,-14.147,-18.308,ok
22,Sokhda,247,Cotton,0.3614106724607678,749.6,461.8,1088.9,0.271,-0.77,-0.852,0.892,0.154,-1.47,0.78,6,True,0.2373,-18.593,-16.211,-19.133,-18.051,-17.348,-20.368,ok
22,Sokhda,248,Cotton,0.5567778905520895,750.1,470.8,1069.9,0.418,0.541,1.594,2.722,-2.603,-0.796,0.78,6,True,0.4578,-15.807,-15.772,-15.073,-16.136,-15.587,-20.93,ok
22,Sokhda,249,Cotton,0.3292725539449389,594.6,369.1,850.4,0.196,-1.391,-0.985,-0.023,-0.872,-0.434,0.78,6,True,0.2918,-19.268,-16.864,-19.983,-19.009,-17.73,-22.248,ok
22,Sokhda,250,Cotton,0.511454514602527,866.1,539.6,1237.3,0.443,0.414,-0.423,1.303,-0.621,0.444,0.78,6,True,0.2225,-19.314,-16.852,-19.139,-17.621,-17.394,-20.634,ok
22,Sokhda,251,Cotton,0.5215320846717192,945.0,589.8,1356.1,0.493,0.028,-0.932,0.223,0.94,-0.173,0.78,6,True,0.2547,-18.944,-17.491,-20.532,-18.752,-17.476,-20.362,ok
22,Sokhda,252,Cotton,1.057311081660948,1032.6,643.0,1477.7,1.092,0.425,-1.118,0.132,1.067,0.641,0.78,6,True,0.252,-18.96,-17.408,-20.724,-18.847,-17.661,-20.343,ok
22,Sokhda,253,Cotton,0.7286031622944441,892.7,552.1,1277.6,0.65,1.445,1.702,3.0,-2.132,-0.142,0.78,6,True,0.4659,-15.986,-15.177,-14.319,-13.711,-14.436,-18.082,ok
22,Sokhda,254,Cotton,2.1852211968278685,704.5,444.4,1015.2,1.539,-0.739,-1.564,0.778,-0.483,0.047,0.78,6,True,0.3117,-19.727,-16.942,-20.919,-18.171,-17.603,-21.06,ok
22,Sokhda,255,Cotton,0.3891005307635708,746.3,466.5,1071.6,0.29,-1.553,-0.444,-0.897,1.678,-2.922,0.78,6,True,0.2739,-19.754,-17.769,-20.087,-19.925,-19.627,-20.872,ok
22,Sokhda,256,Cotton,0.3326938893618243,582.7,366.0,846.3,0.194,-2.043,-0.897,0.407,0.087,-3.0,0.78,6,True,0.2973,-17.099,-16.133,-19.122,-18.56,-19.737,-20.936,ok
22,Sokhda,257,Cotton,0.2645702222467116,727.0,451.5,1029.2,0.192,-0.474,-0.428,0.225,-0.658,0.08,0.78,6,True,0.2512,-18.944,-17.116,-19.411,-18.75,-18.101,-21.796,ok
22,Sokhda,258,Cotton,0.6946125446866311,664.4,415.8,961.7,0.462,-1.372,-0.484,-0.126,0.108,-1.781,0.78,6,True,0.1891,-18.195,-17.664,-20.042,-19.117,-18.007,-21.475,ok
22,Sokhda,259,Groundnut,0.7847632123812942,2169.3,1393.6,3108.5,1.702,-1.435,-1.609,-0.253,0.074,-0.549,0.6,6,True,0.3548,-19.239,-16.272,-20.315,-19.25,-19.353,-21.639,ok
22,Sokhda,260,Cotton,1.8687723631176507,809.8,506.1,1169.6,1.513,-0.425,-0.843,0.202,0.259,-0.317,0.78,6,True,0.2368,-19.474,-17.748,-20.657,-18.774,-16.985,-20.996,ok
22,Sokhda,261,Rice,0.8134373561379661,1813.0,1219.1,2431.3,1.475,1.066,0.608,0.733,1.991,0.711,1.0,6,True,0.3901,-20.167,-18.995,-19.756,-18.218,-15.213,-18.884,ok
22,Sokhda,262,Groundnut,1.2893564361958316,2686.6,1718.1,3817.5,3.464,-0.257,-0.659,-0.119,-0.618,0.532,0.6,6,True,0.2724,-19.911,-17.514,-20.151,-19.11,-18.994,-22.12,ok
22,Sokhda,263,Bajra,0.828263028546942,3290.5,2103.6,4767.2,2.725,0.272,1.026,-1.452,1.726,-0.595,0.5,6,True,0.3057,-19.634,-18.248,-18.39,-20.506,-18.691,-21.41,ok
22,Sokhda,264,Cotton,0.6158419783830043,674.8,417.1,952.8,0.416,-0.913,-0.44,0.57,-0.569,-1.076,0.78,6,True,0.2078,-18.82,-17.802,-20.114,-18.389,-17.16,-21.355,ok
22,Sokhda,265,Cotton,0.2161711378282018,745.9,471.1,1061.4,0.161,-0.591,-0.624,0.771,-0.221,-0.901,0.78,6,True,0.214,-18.026,-17.046,-19.63,-18.179,-17.821,-20.832,ok
22,Sokhda,266,Groundnut,0.60773561308754,2493.4,1616.7,3532.4,1.515,-0.668,-0.605,-0.48,-0.198,-0.395,0.6,6,True,0.2788,-19.834,-17.479,-20.036,-19.488,-20.115,-22.121,ok
22,Sokhda,267,Cotton,2.1551723531181226,842.1,523.5,1205.2,1.815,1.004,0.703,3.0,-1.798,-0.215,0.78,6,True,0.485,-19.042,-16.966,-17.586,-14.154,-14.22,-18.225,ok
22,Sokhda,268,Rice,0.6035998364536282,2081.0,1409.9,2796.1,1.256,1.961,1.586,2.276,-2.994,-0.649,1.0,6,True,0.4406,-16.444,-15.508,-14.821,-16.602,-16.427,-21.748,ok
22,Sokhda,269,Groundnut,0.6948285958534068,2589.8,1679.7,3665.0,1.799,-0.459,-0.338,0.167,-0.434,-0.696,0.6,6,True,0.2574,-19.299,-17.066,-19.227,-18.81,-20.246,-21.655,ok
22,Sokhda,270,Groundnut,1.471214069823128,2449.4,1567.6,3457.1,3.604,-0.766,-0.455,-0.743,0.914,-0.779,0.6,6,True,0.2626,-19.455,-17.148,-19.483,-19.763,-17.966,-21.397,ok
22,Sokhda,271,Cotton,0.5089799478166456,792.0,496.6,1146.1,0.403,0.008,0.261,0.804,-0.722,-0.317,0.78,6,True,0.1654,-20.268,-18.449,-19.724,-18.144,-19.603,-21.247,ok
22,Sokhda,272,Groundnut,0.9326545888768212,2405.5,1512.4,3363.8,2.244,-0.866,-0.977,-0.371,0.388,-0.252,0.6,6,True,0.3026,-18.56,-16.983,-20.09,-19.374,-19.208,-21.481,ok
22,Sokhda,273,Groundnut,1.1231173649206252,2276.4,1446.8,3310.6,2.557,-1.17,-1.605,-0.697,0.776,0.317,0.6,6,True,0.3577,-18.884,-15.671,-19.708,-19.716,-19.096,-21.473,ok
22,Sokhda,274,Bajra,1.126366025944325,3070.6,1914.7,4502.5,3.459,-0.087,-0.096,-1.143,1.419,0.427,0.5,6,True,0.2915,-19.274,-16.2,-18.003,-20.182,-17.943,-21.362,ok
22,Sokhda,275,Maize,0.352751469778999,2483.3,1582.4,3467.9,0.876,0.593,0.724,0.076,-0.484,-0.017,0.55,6,True,0.241,-18.969,-18.454,-19.044,-18.906,-18.797,-21.796,ok
22,Sokhda,276,Groundnut,1.6402277577174762,2459.0,1575.7,3485.4,4.033,-0.745,-0.878,-0.969,0.679,0.162,0.6,6,True,0.2951,-19.262,-17.484,-20.445,-20.001,-18.614,-21.845,ok
22,Sokhda,277,Cotton,0.4988411236106482,734.8,468.0,1075.2,0.367,-0.618,-0.417,0.091,-0.312,-0.383,0.78,6,True,0.184,-18.808,-17.623,-19.902,-18.89,-17.857,-21.625,ok
22,Sokhda,278,Cotton,0.4856704379137245,848.0,533.0,1217.8,0.412,0.057,-0.14,0.459,-0.187,-0.026,0.78,6,True,0.2022,-18.948,-17.765,-19.633,-18.505,-17.831,-21.127,ok
22,Sokhda,279,Groundnut,1.4053171179877608,2310.4,1465.6,3281.1,3.247,-1.088,-1.248,-0.752,0.536,-0.109,0.6,6,True,0.3262,-19.631,-16.895,-20.404,-19.773,-19.198,-21.747,ok
22,Sokhda,280,Cotton,1.4554634121873091,591.9,371.1,863.7,0.861,-1.952,-0.838,-0.264,0.07,-2.22,0.78,6,True,0.2864,-19.064,-16.907,-19.808,-19.262,-17.837,-21.654,ok
22,Sokhda,281,Cotton,0.6996678405121893,614.4,381.4,878.4,0.43,-1.137,-1.824,0.081,-1.01,0.863,0.78,6,True,0.3625,-18.376,-16.452,-20.812,-18.901,-18.86,-22.264,ok
22,Sokhda,282,Cotton,0.5657004419728286,573.1,361.6,810.6,0.324,-0.857,-1.445,0.959,-2.22,1.285,0.78,6,True,0.2917,-18.004,-16.982,-20.782,-17.982,-18.374,-22.431,ok
22,Sokhda,283,Cotton,0.3010912574216349,746.9,465.7,1072.4,0.225,-0.433,-0.243,0.021,-0.487,-0.003,0.78,6,True,0.2444,-18.707,-17.446,-19.466,-18.964,-18.978,-21.856,ok
22,Sokhda,284,Groundnut,0.435011895227568,2299.5,1437.8,3278.6,1.0,-1.114,-1.34,-0.306,-0.238,-0.228,0.6,6,True,0.3319,-18.984,-16.507,-20.151,-19.306,-18.826,-21.975,ok
22,Sokhda,285,Cotton,0.858566318658825,813.6,510.8,1168.3,0.699,-0.41,-0.648,0.202,0.277,-0.506,0.78,6,True,0.2686,-18.935,-17.243,-19.863,-18.774,-18.817,-20.979,ok
22,Sokhda,286,Cotton,1.626564128640391,679.9,429.2,969.2,1.106,-0.841,-0.014,0.1,-0.625,-0.857,0.78,6,True,0.1613,-19.365,-18.118,-19.799,-18.88,-18.533,-21.897,ok
22,Sokhda,287,Maize,1.5955433868042292,2657.1,1703.1,3820.2,4.24,0.978,0.864,1.024,-1.244,0.195,0.55,6,True,0.2684,-15.277,-14.612,-14.995,-17.914,-18.509,-21.486,ok
22,Sokhda,288,Maize,0.4017942140985259,2307.8,1490.0,3287.4,0.927,0.177,0.496,-0.309,0.592,-0.428,0.55,6,True,0.2476,-17.966,-18.062,-18.989,-19.309,-18.177,-21.232,ok
22,Sokhda,289,Cotton,0.443959441511126,771.6,482.7,1106.8,0.343,-0.128,0.868,1.497,-0.72,-1.847,0.78,6,True,0.1975,-17.307,-17.25,-17.626,-17.418,-17.792,-20.521,ok
22,Sokhda,290,Cotton,1.3059679812627736,1069.1,662.5,1545.9,1.396,1.677,1.255,3.0,-0.907,-0.532,0.78,6,True,0.307,-15.505,-15.07,-14.873,-14.946,-15.067,-18.215,ok
22,Sokhda,291,Maize,1.1546305771591698,2485.9,1588.1,3491.3,2.87,0.599,0.83,-0.117,0.024,-0.1,0.55,6,True,0.2407,-19.005,-18.848,-19.281,-19.108,-17.756,-21.542,ok
22,Sokhda,292,Cotton,1.230624620457207,867.3,541.1,1232.8,1.067,1.295,1.591,3.0,-2.101,-0.312,0.78,6,True,0.4636,-16.375,-15.251,-14.557,-13.845,-14.445,-18.188,ok
22,Sokhda,293,Groundnut,0.5258274788244242,2627.1,1683.1,3712.1,1.381,-0.38,-0.848,-0.276,-0.439,0.655,0.6,6,True,0.2974,-18.211,-16.28,-19.197,-19.274,-18.688,-22.124,ok
22,Sokhda,294,Cotton,0.6740944677624838,994.7,622.8,1437.0,0.671,1.372,1.37,3.0,-1.022,-1.042,0.78,6,True,0.2867,-16.656,-14.376,-14.009,-14.369,-15.691,-17.742,ok
22,Sokhda,295,Cotton,1.5282217972556655,766.8,480.5,1101.7,1.172,-0.416,-0.907,0.405,-0.276,0.095,0.78,6,True,0.289,-18.112,-16.67,-19.673,-18.562,-18.857,-21.265,ok
22,Sokhda,296,Cotton,0.8112287225926186,928.7,581.4,1326.7,0.753,0.252,-0.484,0.908,0.325,-0.317,0.78,6,True,0.231,-17.331,-16.543,-18.92,-18.034,-18.006,-20.198,ok
22,Sokhda,297,Groundnut,0.9764188898337998,2515.0,1622.2,3602.4,2.456,-0.621,-1.115,-0.559,0.785,0.697,0.6,6,True,0.3112,-18.778,-16.72,-20.032,-19.571,-18.5,-21.321,ok
22,Sokhda,298,Groundnut,0.4933137875261112,2327.0,1503.8,3329.0,1.148,-1.049,-1.504,-0.577,0.627,0.369,0.6,6,True,0.3464,-18.458,-16.572,-20.459,-19.589,-19.559,-21.481,ok
22,Sokhda,299,Groundnut,0.8369142643465202,2036.5,1297.4,2911.4,1.704,-1.784,-0.902,-0.516,0.931,-2.565,0.6,6,True,0.3,-19.076,-16.522,-19.519,-19.526,-19.516,-21.145,ok
22,Sokhda,300,Cotton,0.8367580792825227,608.0,376.9,882.2,0.509,-1.778,-0.504,0.539,0.005,-3.0,0.78,6,True,0.2686,-17.634,-15.387,-17.795,-18.421,-18.345,-20.871,ok
22,Sokhda,301,Groundnut,0.5822234450337958,1839.9,1163.1,2616.6,1.071,-2.343,-1.195,-1.314,1.561,-3.0,0.6,6,True,0.3202,-19.39,-16.751,-20.181,-20.362,-19.116,-21.414,ok
22,Sokhda,302,Bajra,0.5615611998131312,2675.7,1671.2,3909.4,1.503,-0.803,-0.491,-0.962,1.143,-0.693,0.5,6,True,0.2608,-19.017,-17.248,-19.635,-19.993,-17.999,-21.421,ok
22,Sokhda,303,Groundnut,0.1821619080194837,2934.7,1850.2,4067.8,0.535,0.23,0.055,0.23,-0.131,0.242,0.6,6,True,0.2412,-18.578,-16.81,-18.39,-18.745,-18.78,-21.318,ok
22,Sokhda,304,Cotton,0.8909633496069183,554.3,351.0,798.4,0.494,-1.629,-0.655,0.759,-1.081,-1.734,0.78,6,True,0.2646,-18.855,-16.792,-19.423,-18.191,-19.151,-21.617,ok
22,Sokhda,305,Groundnut,0.5634341572768592,2290.1,1467.2,3252.8,1.29,-1.137,-0.897,-0.399,0.42,-1.048,0.6,6,True,0.2974,-18.97,-16.902,-19.892,-19.404,-19.123,-21.481,ok
22,Sokhda,306,Maize,0.4512150156524247,2669.1,1723.6,3814.4,1.204,1.003,1.432,-0.323,0.472,-0.11,0.55,6,True,0.2882,-19.056,-19.489,-19.031,-19.324,-19.493,-21.354,ok
22,Sokhda,307,Groundnut,0.4510876346187722,2474.7,1588.7,3553.8,1.116,-0.71,-0.57,-0.41,0.748,-0.596,0.6,6,True,0.202,-18.622,-17.208,-19.712,-19.415,-17.574,-21.198,ok
22,Sokhda,308,Rice,0.5172944069572172,1523.4,1047.9,2085.5,0.788,-0.064,-0.139,0.022,0.139,-0.237,1.0,6,True,0.1805,-19.326,-18.621,-20.488,-18.962,-19.296,-21.292,ok
22,Sokhda,309,Cotton,0.6354701603562977,876.0,550.6,1254.5,0.557,-0.386,-1.269,0.587,0.979,-0.93,0.78,6,True,0.274,-18.956,-16.804,-20.344,-18.37,-17.288,-19.945,ok
22,Sokhda,310,Groundnut,0.6493259123802336,2317.2,1480.4,3292.6,1.505,-1.072,-1.416,-0.272,0.647,-0.002,0.6,6,True,0.3306,-19.022,-16.345,-20.102,-19.27,-18.156,-21.144,ok
22,Sokhda,311,Maize,0.3711406347239452,2191.8,1407.8,3094.5,0.813,-0.116,0.349,-0.105,0.849,-0.978,0.55,6,True,0.2635,-18.508,-16.887,-18.032,-19.095,-18.943,-20.787,ok
22,Sokhda,312,Bajra,0.8207014904318839,3159.9,2020.0,4619.0,2.593,0.061,0.126,-1.448,1.983,0.537,0.5,6,True,0.2764,-19.583,-18.609,-20.083,-20.501,-18.472,-21.174,ok
22,Sokhda,313,Groundnut,0.6891098008111272,2300.6,1458.9,3265.5,1.585,-1.112,-0.719,-0.369,0.412,-1.328,0.6,6,True,0.2875,-18.614,-16.667,-19.393,-19.371,-19.443,-21.456,ok
22,Sokhda,314,Cotton,1.414908514548959,711.6,443.8,1016.7,1.007,-1.251,0.323,0.044,0.554,-3.0,0.78,6,True,0.2596,-17.982,-16.16,-17.343,-18.939,-18.28,-20.897,ok
22,Sokhda,315,Cotton,0.8642603734586705,693.0,436.3,1011.4,0.599,-0.782,-0.597,0.512,-0.555,-0.656,0.78,6,True,0.1943,-18.908,-16.944,-19.489,-18.45,-17.433,-21.404,ok
22,Sokhda,316,Groundnut,0.3335159108252412,2887.1,1828.8,4125.5,0.963,0.139,0.31,0.172,-0.465,-0.418,0.6,6,True,0.1894,-18.882,-17.143,-18.345,-18.806,-16.367,-21.678,ok
22,Sokhda,317,Groundnut,0.5913584048082562,2554.0,1641.4,3615.4,1.51,-0.536,-1.134,-0.46,0.414,0.889,0.6,6,True,0.3117,-19.364,-17.083,-20.422,-19.467,-18.747,-21.55,ok
22,Sokhda,318,Bajra,0.8234512741447568,3284.1,2032.7,4827.3,2.704,0.262,0.512,-1.1,0.828,0.147,0.5,6,True,0.2775,-19.433,-17.381,-18.284,-20.138,-17.669,-21.849,ok
22,Sokhda,319,Maize,0.6058604186114857,2231.7,1458.2,3136.5,1.352,-0.014,0.411,-0.002,0.31,-0.892,0.55,6,True,0.2075,-19.748,-18.035,-19.087,-18.988,-17.15,-21.164,ok
22,Sokhda,320,Cotton,0.9906345080041588,978.2,605.7,1423.1,0.969,1.384,1.193,3.0,-1.182,-0.685,0.78,6,True,0.2771,-15.878,-14.897,-14.793,-14.995,-15.63,-18.512,ok
22,Sokhda,321,Rice,0.3564729567549488,1718.8,1156.9,2306.0,0.613,0.719,0.893,0.593,-0.002,-0.425,1.0,6,True,0.2157,-19.353,-18.103,-18.442,-18.364,-16.915,-20.821,ok
22,Sokhda,322,Groundnut,0.3236797028551916,2560.4,1625.9,3616.5,0.829,-0.522,-0.456,0.121,-0.512,-0.61,0.6,6,True,0.2574,-18.852,-17.213,-19.549,-18.859,-18.731,-21.773,ok
22,Sokhda,323,Bajra,1.5116467373384224,2450.2,1541.5,3594.7,3.704,-1.26,-0.903,-1.454,0.665,-0.813,0.5,6,True,0.3033,-19.652,-17.208,-20.205,-20.508,-18.836,-22.365,ok
22,Sokhda,324,Bajra,1.7102559925899008,2948.0,1831.8,4299.3,5.042,-0.299,1.451,-1.302,0.735,-2.849,0.5,6,True,0.3275,-19.693,-18.043,-17.556,-20.348,-18.89,-22.143,ok
22,Sokhda,325,Cotton,0.8448201543654581,928.0,579.2,1315.8,0.784,0.97,-0.241,3.0,-0.953,-0.174,0.78,6,True,0.3531,-20.379,-16.908,-18.925,-14.806,-15.106,-18.117,ok
22,Sokhda,326,Bajra,0.8775631379416673,3832.7,2331.6,5525.3,3.363,1.064,2.128,-2.306,2.559,-0.246,0.5,6,True,0.3825,-20.09,-19.946,-18.457,-21.4,-20.814,-21.555,ok
22,Sokhda,327,Cotton,1.2682139293909993,823.0,513.1,1186.6,1.044,-0.384,-1.186,-0.323,0.339,0.54,0.78,6,True,0.3069,-20.397,-17.901,-21.318,-19.323,-18.874,-21.473,ok
22,Sokhda,328,Groundnut,0.7612845343969405,2336.3,1497.1,3328.2,1.779,-1.027,-1.844,-0.589,0.072,1.053,0.6,6,True,0.3775,-19.35,-16.257,-20.648,-19.602,-19.43,-21.992,ok
22,Sokhda,329,Groundnut,0.8387973812945769,2786.0,1781.3,3958.1,2.337,-0.057,-0.344,-1.032,0.732,0.9,0.6,6,True,0.1922,-19.52,-18.336,-20.506,-20.067,-17.209,-21.864,ok
22,Sokhda,330,Rice,2.2141617505692937,1623.1,1099.5,2193.5,3.594,0.347,0.158,0.198,1.506,0.205,1.0,6,True,0.289,-19.519,-19.063,-20.49,-18.778,-17.337,-19.88,ok
22,Sokhda,331,Rice,0.9905587198819932,1479.8,1005.8,2017.9,1.466,-0.253,-0.102,-0.309,1.023,-0.281,1.0,6,True,0.2304,-19.751,-18.714,-20.527,-19.309,-17.714,-20.844,ok
22,Sokhda,332,Bajra,0.6593476155756809,2683.2,1647.9,3901.1,1.769,-0.788,-0.354,-1.178,3.0,-0.801,0.5,6,True,0.24,-19.368,-17.65,-19.834,-20.219,-18.197,-19.759,ok
22,Sokhda,333,Groundnut,0.8405281011079051,2672.4,1716.5,3808.7,2.246,-0.286,-0.541,-1.359,2.586,0.864,0.6,6,True,0.2137,-19.6,-17.709,-20.171,-20.409,-18.089,-20.54,ok
22,Sokhda,334,Cotton,0.5230689440835916,970.4,606.2,1403.7,0.508,0.762,-0.692,2.007,-0.195,0.166,0.78,6,True,0.2666,-19.67,-17.342,-20.027,-16.884,-18.418,-19.514,ok
22,Sokhda,335,Bajra,0.8936061282675993,2201.9,1338.9,3229.3,1.968,-1.815,-1.998,-2.033,1.34,0.125,0.5,6,True,0.3914,-16.521,-15.709,-20.329,-21.114,-20.053,-22.365,ok
22,Sokhda,336,Cotton,0.5467712647381995,593.6,370.3,865.0,0.325,-2.223,-0.17,-1.147,0.613,-3.0,0.78,6,True,0.2622,-19.894,-18.258,-20.171,-20.187,-18.385,-22.091,ok
22,Sokhda,337,Cotton,0.4080617585056155,627.9,388.8,901.5,0.256,-0.383,0.005,1.206,-2.445,0.605,0.78,6,True,0.4102,-20.24,-18.753,-20.406,-17.723,-19.132,-22.374,ok
22,Sokhda,338,Cotton,0.8287246764590369,601.4,374.5,860.8,0.498,-1.189,-0.77,0.09,-1.108,-0.188,0.78,6,True,0.2672,-19.976,-17.606,-20.407,-18.891,-18.063,-22.342,ok
22,Sokhda,339,Cotton,1.5960100105300083,787.5,493.9,1125.0,1.257,-0.665,-0.595,0.231,0.439,-1.175,0.78,6,True,0.235,-18.52,-18.328,-20.87,-18.743,-17.747,-20.803,ok
22,Sokhda,340,Groundnut,0.8538129886400763,2098.8,1346.6,2994.6,1.792,-1.618,-2.2,0.03,0.268,-0.053,0.6,6,True,0.397,-19.387,-15.126,-20.044,-18.954,-18.108,-21.168,ok
22,Sokhda,341,Cotton,1.4042032565193134,599.0,381.6,883.5,0.841,-2.069,-0.753,-0.349,0.406,-2.751,0.78,6,True,0.2868,-19.011,-16.807,-19.583,-19.351,-18.937,-21.441,ok
22,Sokhda,342,Groundnut,0.3523437320829827,2368.1,1526.4,3377.6,0.834,-0.952,-0.691,0.421,0.702,-1.384,0.6,6,True,0.2334,-18.887,-16.197,-18.881,-18.545,-17.325,-20.369,ok
22,Sokhda,343,Cotton,0.4519907706112032,644.4,405.8,929.7,0.291,-1.281,-0.758,0.18,-0.346,-1.206,0.78,6,True,0.2735,-19.338,-16.87,-19.654,-18.797,-17.653,-21.563,ok
22,Sokhda,344,Cotton,0.765893171710428,804.3,500.4,1165.0,0.616,0.903,1.401,3.0,-2.116,-0.764,0.78,6,True,0.4701,-16.874,-15.638,-15.224,-14.582,-15.154,-18.938,ok
22,Sokhda,345,Bajra,1.068248846807722,2332.7,1440.1,3344.7,2.492,-1.515,-1.266,-2.29,3.0,-0.355,0.5,6,True,0.315,-19.081,-17.064,-20.598,-21.383,-20.29,-20.261,ok
22,Sokhda,346,Bajra,0.9825367848894824,2788.2,1746.8,4070.1,2.74,-0.589,-0.544,-2.242,3.0,0.569,0.5,6,True,0.3174,-19.246,-17.747,-20.213,-21.333,-19.795,-20.349,ok
22,Sokhda,347,Groundnut,1.2277659917656358,2484.5,1576.1,3521.4,3.05,-0.688,-0.421,-0.863,0.402,-0.589,0.6,6,True,0.192,-19.617,-18.439,-20.723,-19.889,-17.141,-21.983,ok
22,Sokhda,348,Bajra,0.5345383746943924,2513.7,1566.5,3748.5,1.344,-1.127,-0.706,-1.821,2.839,-0.664,0.5,6,True,0.3086,-19.538,-17.71,-20.416,-20.893,-20.235,-20.796,ok
22,Sokhda,349,Groundnut,1.1666711468102835,2208.0,1417.3,3170.8,2.576,-1.338,-1.68,0.019,1.538,-0.315,0.6,6,True,0.2881,-19.42,-16.108,-20.256,-18.966,-15.956,-20.039,ok
22,Sokhda,350,Rice,0.4777295948184044,1609.1,1087.8,2196.2,0.769,0.291,0.614,-0.16,0.337,-0.015,1.0,6,True,0.2213,-19.976,-18.959,-19.712,-19.153,-16.482,-21.305,ok
22,Sokhda,351,Cotton,1.390780801866487,790.0,497.0,1121.5,1.099,-0.637,-0.505,0.422,0.417,-1.386,0.78,6,True,0.2209,-19.44,-17.611,-20.02,-18.544,-18.286,-20.624,ok
22,Sokhda,352,Cotton,0.3683717190155463,618.2,387.6,900.9,0.228,-1.008,-1.103,1.006,-1.169,-0.407,0.78,6,True,0.268,-18.834,-17.525,-20.82,-17.932,-18.049,-21.437,ok
22,Sokhda,353,Cotton,0.7154449728476883,899.1,571.5,1285.8,0.643,0.127,-0.596,0.329,0.243,0.249,0.78,6,True,0.2262,-18.691,-18.04,-20.584,-18.641,-17.798,-20.877,ok
22,Sokhda,354,Cotton,0.1942681709057613,609.8,380.1,875.1,0.118,-1.36,-0.261,-0.558,-0.703,-0.741,0.78,6,True,0.2344,-18.538,-18.361,-20.408,-19.57,-17.12,-22.657,ok
22,Sokhda,355,Cotton,0.6405699028036437,590.9,372.7,846.9,0.379,-1.046,-1.659,1.846,-1.479,-0.445,0.78,6,True,0.2147,-19.824,-16.439,-20.556,-17.052,-17.517,-20.837,ok
22,Sokhda,356,Cotton,3.4870211523025763,555.9,344.9,803.8,1.938,-1.964,0.313,-0.092,-0.493,-3.0,0.78,6,True,0.1658,-19.379,-18.872,-20.069,-19.082,-18.2,-21.98,ok
22,Sokhda,357,Groundnut,1.773973407142243,2902.0,1859.7,4041.8,5.148,0.168,0.394,-0.735,0.166,-0.049,0.6,6,True,0.2345,-19.747,-19.232,-20.31,-19.755,-18.081,-22.061,ok
22,Sokhda,358,Rice,1.0030560652810323,1497.0,1025.2,2017.0,1.502,-0.178,0.395,-0.273,-0.042,-0.827,1.0,6,True,0.2304,-19.248,-18.99,-20.067,-19.271,-18.724,-21.764,ok
22,Sokhda,359,Cotton,1.1243145242197328,670.5,419.1,958.2,0.754,-0.042,-0.878,2.431,-2.368,0.758,0.78,6,True,0.4321,-19.519,-17.657,-20.618,-16.44,-16.739,-21.023,ok
22,Sokhda,360,Groundnut,0.3577856720256962,2241.9,1442.2,3220.5,0.802,-1.254,-0.309,-1.083,0.488,-2.072,0.6,6,True,0.2625,-19.325,-17.735,-19.853,-20.119,-18.18,-22.136,ok
22,Sokhda,361,Groundnut,1.0700679113211724,2715.0,1728.0,3908.2,2.905,-0.199,-0.55,-0.58,0.351,0.704,0.6,6,True,0.1939,-19.892,-18.409,-20.884,-19.593,-17.716,-21.733,ok
22,Sokhda,362,Cotton,0.8972080155162842,985.5,611.6,1414.5,0.884,0.099,-0.076,-0.712,1.239,-0.274,0.78,6,True,0.2235,-19.652,-19.268,-21.041,-19.731,-17.86,-21.072,ok
22,Sokhda,363,Maize,0.5148690725528019,2475.1,1593.4,3511.4,1.274,0.575,1.117,-0.468,0.136,-0.512,0.55,6,True,0.1891,-19.047,-19.353,-19.361,-19.475,-16.673,-21.808,ok
22,Sokhda,364,Groundnut,0.3985669466216266,3055.0,1917.8,4277.3,1.218,0.451,0.308,-0.269,-0.284,0.57,0.6,6,True,0.2231,-19.165,-18.622,-19.828,-19.267,-18.054,-21.977,ok
22,Sokhda,365,Bajra,0.4625124653439409,2616.5,1623.5,3798.9,1.21,-0.919,-0.502,-1.54,1.118,-0.667,0.5,6,True,0.2674,-18.983,-17.918,-20.323,-20.598,-17.718,-22.048,ok
22,Sokhda,366,Groundnut,0.6305903969406799,2522.4,1605.4,3621.1,1.591,-0.605,-0.768,-0.111,-0.136,-0.124,0.6,6,True,0.2744,-19.602,-17.485,-20.284,-19.102,-17.927,-21.679,ok
22,Sokhda,367,Bajra,0.2021444470803958,2907.8,1853.2,4216.0,0.588,-0.371,0.188,-1.725,1.101,-0.497,0.5,6,True,0.277,-20.329,-18.407,-19.789,-20.792,-17.491,-22.257,ok
22,Sokhda,368,Cotton,0.968417767219628,647.6,410.4,943.9,0.627,-1.144,-0.655,0.08,-0.54,-0.785,0.78,6,True,0.1905,-19.502,-17.501,-20.132,-18.902,-17.051,-21.842,ok
22,Sokhda,369,Cotton,0.2506905736298268,724.2,455.6,1031.3,0.182,-0.873,0.437,-0.336,0.012,-1.56,0.78,6,True,0.2406,-19.021,-18.28,-19.294,-19.338,-18.352,-21.782,ok
22,Sokhda,370,Groundnut,0.2355886103566377,2458.0,1558.7,3496.2,0.579,-0.747,-0.368,0.114,-0.712,-1.32,0.6,6,True,0.2495,-18.18,-16.711,-18.916,-18.866,-17.429,-21.962,ok
22,Sokhda,371,Cotton,0.7369441444436556,798.7,502.9,1157.0,0.589,-0.155,0.403,0.319,-0.364,-0.605,0.78,6,True,0.1958,-18.745,-18.076,-19.141,-18.651,-17.06,-21.433,ok
22,Sokhda,372,Cotton,0.4214209698728999,655.5,408.7,925.9,0.276,-0.871,-0.096,0.558,-0.896,-1.01,0.78,6,True,0.1822,-19.106,-17.764,-19.567,-18.401,-17.474,-21.661,ok
22,Sokhda,373,Cotton,1.7138235892495668,956.9,596.6,1381.6,1.64,0.061,-0.379,-0.721,1.004,0.209,0.78,6,True,0.22,-19.897,-18.59,-20.812,-19.74,-17.306,-21.292,ok
22,Sokhda,374,Cotton,2.819943391078925,983.2,621.1,1394.5,2.773,0.14,-0.846,0.115,1.128,-0.151,0.78,6,True,0.28,-19.735,-17.24,-20.154,-18.865,-16.246,-20.306,ok
22,Sokhda,375,Groundnut,0.7496783738599766,1948.0,1224.9,2816.9,1.46,-2.028,-1.613,-0.782,0.483,-1.728,0.6,6,True,0.3588,-19.148,-16.245,-20.295,-19.805,-19.302,-21.826,ok
22,Sokhda,376,Rice,0.4036799134390735,1519.0,1035.2,2096.2,0.613,-0.083,0.107,0.288,-0.757,-1.059,1.0,6,True,0.1631,-19.326,-17.858,-19.361,-18.684,-18.265,-21.819,ok
22,Sokhda,377,Groundnut,0.5670231911252412,2113.6,1358.6,3028.9,1.198,-1.579,-1.407,-0.27,0.34,-1.261,0.6,6,True,0.3284,-18.907,-16.526,-20.27,-19.268,-17.838,-21.418,ok
22,Sokhda,378,Cotton,0.9978975444577148,1036.3,638.7,1486.9,1.034,1.523,0.507,3.0,-0.92,-0.029,0.78,6,True,0.3454,-19.0,-17.771,-18.682,-14.618,-14.296,-17.899,ok
22,Sokhda,379,Rice,0.1725464974076412,1525.1,1046.8,2092.9,0.263,-0.057,0.169,-0.121,-0.985,-0.419,1.0,6,True,0.2348,-18.56,-18.4,-19.811,-19.112,-17.606,-22.452,ok
22,Sokhda,380,Maize,0.2385056719887044,2468.1,1609.9,3445.6,0.589,0.558,0.57,0.586,-1.473,-0.075,0.55,6,True,0.2491,-17.601,-16.839,-17.656,-18.372,-17.499,-22.15,ok
22,Sokhda,381,Cotton,0.4308311902793345,727.8,455.6,1055.9,0.314,-0.521,-0.539,0.121,-0.568,0.127,0.78,6,True,0.1994,-19.21,-18.548,-21.008,-18.859,-17.101,-21.824,ok
22,Sokhda,382,Cotton,0.1987242048391292,723.7,455.3,1039.5,0.144,-0.072,-0.164,0.89,-1.355,0.52,0.78,6,True,0.311,-19.483,-18.519,-20.422,-18.053,-17.504,-21.726,ok
22,Sokhda,383,Cotton,0.1022631011815819,855.6,443.3,1528.5,0.087,0.0,,,,,0.78,2,False,0.0,-19.39,,,,,-20.92,not_observed_swath_edge
22,Sokhda,384,Cotton,0.1395918366313292,855.6,440.1,1502.7,0.119,0.0,,,,,0.78,2,False,0.0,-19.217,,,,,-21.022,not_observed_swath_edge
22,Sokhda,385,Cotton,0.0677907865748431,855.6,422.2,1494.4,0.058,0.0,,,,,0.78,2,False,0.0,-18.619,,,,,-21.219,not_observed_swath_edge
22,Sokhda,386,Groundnut,0.2192110577475543,1556.3,990.2,2226.9,0.341,-3.265,-3.0,0.781,-1.429,-3.0,0.6,5,True,0.4924,-20.097,7.89,-18.515,-18.168,,-21.907,partial_coverage
22,Sokhda,387,Cotton,0.2020509404142093,378.1,236.3,564.0,0.076,-3.017,,2.22,-2.994,-3.0,0.78,4,True,0.3475,-19.571,,-16.016,-16.661,,-21.807,partial_coverage
22,Sokhda,388,Cotton,0.0909549608202883,425.9,266.5,610.9,0.039,-2.4,,3.0,-3.0,-3.0,0.78,4,True,0.3881,-19.775,,-39.186,-13.498,,-21.792,partial_coverage
22,Sokhda,389,Cotton,0.1741471641977431,855.6,441.6,1517.4,0.149,0.0,,,,,0.78,2,False,0.0,-19.336,,,,,-21.407,not_observed_swath_edge
22,Sokhda,390,Cotton,0.2231943275792059,684.6,431.5,1002.4,0.153,-2.4,,-3.0,3.0,-3.0,0.78,3,True,0.1863,-19.766,,,-37.391,,-21.104,partial_coverage
22,Sokhda,391,Cotton,0.2027115518899628,855.6,431.6,1521.7,0.173,0.0,,,,,0.78,2,False,0.0,-19.499,,,,,-20.89,not_observed_swath_edge
22,Sokhda,392,Cotton,0.1358435637914478,855.6,433.2,1514.3,0.116,0.0,,,,,0.78,0,False,0.0,,,,,,,not_observed_swath_edge
22,Sokhda,393,Cotton,0.1270314314274379,855.6,438.6,1478.6,0.109,0.0,,,,,0.78,0,False,0.0,,,,,,,not_observed_swath_edge
22,Sokhda,394,Cotton,0.0578884432963519,855.6,429.1,1536.6,0.05,0.0,,,,,0.78,0,False,0.0,,,,,,,not_observed_swath_edge
22,Sokhda,395,Cotton,0.0748161587044376,855.6,430.2,1500.3,0.064,0.0,,,,,0.78,0,False,0.0,,,,,,,not_observed_swath_edge
22,Sokhda,396,Cotton,0.1352313505241906,855.6,440.8,1511.2,0.116,0.0,,,,,0.78,0,False,0.0,,,,,,,not_observed_swath_edge
22,Sokhda,397,Cotton,0.1874663135430153,855.6,437.5,1494.8,0.16,0.0,,,,,0.78,0,False,0.0,,,,,,,not_observed_swath_edge
22,Sokhda,398,Cotton,0.0895022850057635,855.6,437.3,1524.5,0.077,0.0,,,,,0.78,0,False,0.0,,,,,,,not_observed_swath_edge
22,Sokhda,399,Cotton,0.0663007984793627,855.6,436.1,1533.7,0.057,0.0,,,,,0.78,0,False,0.0,,,,,,,not_observed_swath_edge
22,Sokhda,400,Cotton,0.0665568876974908,855.6,431.1,1520.2,0.057,0.0,,,,,0.78,0,False,0.0,,,,,,,not_observed_swath_edge
22,Sokhda,401,Cotton,0.075503484120892,855.6,440.7,1506.0,0.065,0.0,,,,,0.78,0,False,0.0,,,,,,,not_observed_swath_edge
22,Sokhda,402,Cotton,0.1147239548183838,855.6,437.5,1503.7,0.098,0.0,,,,,0.78,0,False,0.0,,,,,,,not_observed_swath_edge
22,Sokhda,403,Cotton,0.1138478329458833,855.6,437.5,1508.4,0.097,0.0,,,,,0.78,0,False,0.0,,,,,,,not_observed_swath_edge
22,Sokhda,404,Cotton,0.139267666591027,855.6,438.7,1495.5,0.119,0.0,,,,,0.78,0,False,0.0,,,,,,,not_observed_swath_edge
22,Sokhda,405,Cotton,0.0494787589120025,855.6,437.0,1492.2,0.042,0.0,,,,,0.78,0,False,0.0,,,,,,,not_observed_swath_edge
22,Sokhda,406,Cotton,0.1228598942750505,855.6,433.9,1483.2,0.105,0.0,,,,,0.78,0,False,0.0,,,,,,,not_observed_swath_edge
22,Sokhda,407,Cotton,0.1773483031430975,855.6,436.5,1523.0,0.152,0.0,,,,,0.78,0,False,0.0,,,,,,,not_observed_swath_edge
22,Sokhda,408,Cotton,0.1758786606699972,855.6,430.8,1481.1,0.15,0.0,,,,,0.78,0,False,0.0,,,,,,,not_observed_swath_edge
22,Sokhda,409,Cotton,0.0896289367019814,684.6,426.3,1009.5,0.061,-2.4,,-3.0,3.0,-3.0,0.78,3,True,0.1863,-18.899,,,-37.391,,-21.334,partial_coverage
22,Sokhda,410,Cotton,0.1209058739095106,425.9,269.8,620.4,0.051,-2.4,,3.0,-3.0,-3.0,0.78,4,True,0.3881,-19.503,,-7.237,-12.927,,-20.769,partial_coverage
22,Sokhda,411,Cotton,0.0998596373453189,855.6,438.8,1537.8,0.085,0.0,,,,,0.78,2,False,0.0,-17.915,,,,,-20.712,not_observed_swath_edge
22,Sokhda,412,Cotton,0.1512283896605371,855.6,430.3,1517.6,0.129,0.0,,,,,0.78,2,False,0.0,-20.115,,,,,-21.384,not_observed_swath_edge
22,Sokhda,413,Cotton,0.1146565708858193,855.6,432.6,1508.3,0.098,0.0,,,,,0.78,2,False,0.0,-19.167,,,,,-19.909,not_observed_swath_edge
22,Sokhda,414,Cotton,0.0840443904075514,684.6,424.8,988.0,0.058,-2.4,,-3.0,3.0,-3.0,0.78,3,True,0.1863,-19.726,,,-37.391,,-21.055,partial_coverage
22,Sokhda,415,Cotton,0.0900858260800494,652.7,407.2,951.2,0.059,-2.254,,-1.506,1.688,-3.0,0.78,4,True,0.126,-20.522,,-38.659,-20.562,,-21.5,partial_coverage
22,Sokhda,416,Cotton,0.1069232413880061,855.6,435.0,1528.9,0.091,0.0,,,,,0.78,2,False,0.0,-19.581,,,,,-20.793,not_observed_swath_edge
22,Sokhda,417,Cotton,0.0933179088006988,855.6,438.6,1507.5,0.08,0.0,,,,,0.78,0,False,0.0,,,,,,,not_observed_swath_edge
22,Sokhda,418,Cotton,0.0780034485237215,531.3,332.8,779.4,0.041,-2.157,-3.0,0.179,-0.565,-0.209,0.78,5,True,0.4923,-18.936,3.861,-19.882,-18.798,,-21.761,partial_coverage
22,Sokhda,419,Cotton,0.187999441704919,861.9,535.6,1217.3,0.162,0.971,0.884,2.014,-1.566,0.304,0.78,5,True,0.332,-18.642,-17.539,-17.892,-16.877,,-20.739,partial_coverage
22,Sokhda,420,Rice,0.1190419878866117,1544.2,1057.1,2091.7,0.184,0.024,1.246,-1.616,1.182,0.69,1.0,5,True,0.2422,-21.089,-20.726,-20.543,-20.678,,-22.071,partial_coverage
22,Sokhda,421,Cotton,0.1307876963301807,834.0,531.6,1190.1,0.109,-0.004,-1.038,0.616,-0.233,0.66,0.78,5,True,0.232,-20.719,-17.485,-20.682,-18.341,,-21.005,partial_coverage
22,Sokhda,422,Groundnut,0.2617540848663456,2966.2,1901.0,4201.5,0.776,0.288,0.135,-0.893,0.873,0.8,0.6,5,True,0.2106,-20.648,-18.807,-20.268,-19.92,,-21.591,partial_coverage
22,Sokhda,423,Bajra,0.1273410501554589,3047.1,1889.8,4406.1,0.388,-0.127,0.658,-1.021,1.412,-1.114,0.5,5,True,0.1624,-19.705,-18.785,-19.472,-20.054,,-21.241,partial_coverage
22,Sokhda,424,Rice,0.1231783903473832,1563.1,1060.5,2118.5,0.193,0.103,-0.12,0.11,0.357,0.058,1.0,5,True,0.1719,-19.594,-18.512,-20.35,-18.87,,-21.004,partial_coverage
22,Sokhda,425,Cotton,0.1831811562379054,858.9,533.4,1232.6,0.157,1.072,1.231,2.014,-1.746,0.305,0.78,5,True,0.3888,-18.155,-18.465,-18.304,-16.877,,-20.901,partial_coverage
22,Sokhda,426,Cotton,0.0972574889193448,971.6,609.8,1385.2,0.094,0.8,0.244,0.997,-0.253,0.362,0.78,5,True,0.1848,-18.791,-18.766,-20.066,-17.942,,-20.624,partial_coverage
22,Sokhda,427,Groundnut,0.1821130129321728,2834.3,1835.0,4066.4,0.516,0.038,-0.53,-0.405,0.234,1.161,0.6,5,True,0.2109,-19.821,-18.032,-20.477,-19.409,,-21.654,partial_coverage
22,Sokhda,428,Groundnut,0.1724722811208963,2584.1,1632.8,3643.5,0.446,-0.471,-0.851,-0.772,0.507,0.684,0.6,5,True,0.2362,-19.691,-17.989,-20.909,-19.794,,-21.793,partial_coverage
22,Sokhda,429,Cotton,0.1065567867081176,688.0,431.1,991.9,0.073,0.092,1.56,1.94,-2.059,-1.276,0.78,5,True,0.4144,-19.866,-18.082,-17.433,-16.954,,-21.259,partial_coverage
22,Sokhda,430,Cotton,0.0989364261380969,789.1,498.0,1128.7,0.078,0.804,0.897,1.614,-2.342,1.187,0.78,5,True,0.4085,-20.101,-18.393,-18.725,-17.296,,-21.855,partial_coverage
22,Sokhda,431,Rice,0.1410992926610027,1647.3,1118.9,2233.0,0.232,0.443,1.035,-0.073,-0.456,-0.321,1.0,5,True,0.1889,-20.019,-19.261,-19.391,-19.062,,-21.927,partial_coverage
22,Sokhda,432,Rice,0.1131706324664488,1614.8,1115.6,2221.7,0.183,0.314,0.174,-0.188,-0.038,0.708,1.0,5,True,0.1457,-18.574,-18.857,-20.26,-19.182,,-21.672,partial_coverage
22,Sokhda,433,Rice,0.1352923248489435,1546.6,1060.3,2107.6,0.209,0.034,-0.438,-0.079,-0.006,0.614,1.0,5,True,0.1488,-19.55,-18.24,-20.549,-19.068,,-21.529,partial_coverage
22,Sokhda,434,Cotton,0.1227351169267869,798.1,493.7,1147.3,0.098,0.467,0.474,1.488,-1.404,0.236,0.78,5,True,0.2851,-18.386,-17.78,-18.739,-17.428,,-21.145,partial_coverage
22,Sokhda,435,Rice,0.0741918320125327,1782.5,1200.2,2426.5,0.132,0.955,0.816,-0.413,-0.11,1.947,1.0,5,True,0.1948,-19.046,-19.43,-19.883,-19.418,,-21.972,partial_coverage
22,Sokhda,436,Rice,0.1186127164251362,1682.6,1150.9,2285.2,0.2,0.581,0.619,0.489,-0.153,-0.258,1.0,5,True,0.1681,-18.676,-19.122,-19.868,-18.473,,-21.065,partial_coverage
22,Sokhda,437,Rice,0.1306669443564322,1778.7,1217.5,2403.0,0.232,0.942,1.283,-0.221,-0.383,0.947,1.0,5,True,0.1956,-19.152,-20.009,-19.77,-19.217,,-22.016,partial_coverage
22,Sokhda,438,Rice,0.1448332909927037,1722.2,1174.6,2358.6,0.249,0.732,1.12,-0.334,0.091,0.777,1.0,5,True,0.2008,-19.085,-19.972,-19.975,-19.335,,-21.708,partial_coverage
22,Sokhda,439,Maize,0.1010327358234228,2760.7,1789.9,3925.3,0.279,1.195,1.161,-0.984,1.329,1.186,0.55,5,True,0.2303,-20.023,-18.993,-18.935,-20.016,,-21.277,partial_coverage
22,Sokhda,440,Rice,0.1513593903421214,1681.0,1135.6,2300.6,0.254,0.575,0.689,-0.362,0.537,0.988,1.0,5,True,0.1604,-19.024,-19.222,-19.863,-19.364,,-21.336,partial_coverage
22,Sokhda,441,Rice,0.0752466385374019,1980.3,1337.1,2690.3,0.149,1.639,0.957,1.298,-1.554,0.905,1.0,5,True,0.3616,-19.147,-19.67,-19.914,-17.626,,-21.478,partial_coverage
22,Sokhda,442,Rice,0.145268003031462,1543.9,1039.0,2102.1,0.224,0.022,-0.248,-0.614,0.424,1.174,1.0,6,True,0.2186,-20.112,-19.012,-21.041,-19.628,-16.652,-21.702,ok
22,Sokhda,443,Rice,0.2685436355180668,1488.6,1006.9,2006.8,0.4,-0.215,-0.215,-0.658,0.904,0.542,1.0,6,True,0.2612,-18.715,-19.016,-20.995,-19.675,-15.508,-21.317,ok
22,Sokhda,444,Cotton,0.4904839466247684,425.9,264.0,613.2,0.209,-2.4,,3.0,-3.0,-3.0,0.78,4,True,0.3881,-19.365,,-15.821,-13.27,,-21.016,partial_coverage
22,Sokhda,445,Groundnut,0.3252314726123673,1564.9,979.7,2266.6,0.509,-3.235,-3.0,0.394,-0.704,-2.732,0.6,5,True,0.4911,-19.241,8.327,-18.184,-18.573,,-21.66,partial_coverage
22,Sokhda,446,Groundnut,0.3153823649757301,1689.6,1071.0,2419.0,0.533,-2.813,-3.0,3.0,-3.0,-3.0,0.6,5,True,0.3803,-18.915,8.59,-11.304,-13.3,,-21.268,partial_coverage
22,Sokhda,447,Cotton,0.1706812611493622,425.9,264.0,619.0,0.073,-2.4,,3.0,-3.0,-3.0,0.78,3,True,0.3643,-18.839,,,-15.787,,-21.015,partial_coverage
22,Sokhda,448,Cotton,0.121957644637218,855.6,441.1,1514.3,0.104,0.0,,,,,0.78,2,False,0.0,-18.173,,,,,-20.35,not_observed_swath_edge
22,Sokhda,449,Cotton,0.0889376568097096,855.6,435.9,1542.4,0.076,0.0,,,,,0.78,2,False,0.0,-19.58,,,,,-20.716,not_observed_swath_edge
22,Sokhda,450,Cotton,0.1030874091253543,684.6,422.3,1001.9,0.071,-2.4,,-3.0,3.0,-3.0,0.78,3,True,0.1863,-20.012,,,-37.594,,-20.707,partial_coverage
22,Sokhda,451,Cotton,0.1712863025543503,855.6,428.0,1522.0,0.147,0.0,,,,,0.78,2,False,0.0,-19.313,,,,,-20.26,not_observed_swath_edge
22,Sokhda,452,Groundnut,0.1099288989404731,1667.8,1048.3,2400.0,0.183,-2.884,-3.0,2.649,-2.806,-3.0,0.6,5,True,0.4502,-19.018,8.991,-16.274,-16.212,,-21.188,partial_coverage
22,Sokhda,453,Groundnut,0.1167168704508762,1689.6,1061.7,2471.6,0.197,-2.813,-3.0,3.0,-3.0,-3.0,0.6,5,True,0.3889,-19.879,8.645,-15.181,-14.992,,-21.973,partial_coverage
22,Sokhda,454,Rice,0.3054868557778105,1518.8,1022.5,2098.7,0.464,-0.084,0.265,-0.626,0.459,0.181,1.0,5,True,0.1972,-19.579,-19.282,-20.551,-19.641,,-21.684,partial_coverage
22,Sokhda,455,Rice,0.1099937996052906,1565.1,1066.0,2119.7,0.172,0.111,0.398,-0.833,0.964,0.866,1.0,5,True,0.2033,-19.268,-20.175,-21.247,-19.858,,-21.447,partial_coverage
22,Sokhda,456,Cotton,0.1227482566561767,873.1,538.6,1248.9,0.107,0.744,1.131,1.157,-1.102,0.07,0.78,5,True,0.3048,-19.259,-19.108,-19.094,-17.774,,-21.22,partial_coverage
22,Sokhda,457,Rice,0.1016183650017705,1823.0,1233.2,2469.2,0.185,1.101,0.665,0.232,0.23,1.531,1.0,5,True,0.1747,-19.089,-19.028,-19.704,-18.743,,-20.991,partial_coverage
22,Sokhda,458,Rice,0.1062084710291445,1777.1,1206.1,2399.7,0.189,0.936,0.356,0.687,-0.989,0.776,1.0,5,True,0.2357,-18.628,-18.723,-19.857,-18.266,,-21.609,partial_coverage
22,Sokhda,459,Groundnut,0.1706364841076529,2043.6,1311.5,2917.9,0.349,-1.764,-3.0,0.128,-0.661,1.005,0.6,5,True,0.494,-19.854,-3.491,-20.315,-18.852,,-21.9,partial_coverage
22,Sokhda,460,Rice,0.0800586046246009,1690.0,1143.2,2296.2,0.135,0.609,0.056,-0.033,-0.278,1.443,1.0,5,True,0.144,-19.34,-18.552,-20.13,-19.02,,-21.724,partial_coverage
22,Sokhda,461,Groundnut,0.1745334382426218,1924.4,1232.7,2772.1,0.336,-2.095,-3.0,-1.256,1.103,0.886,0.6,5,True,0.4821,-19.474,3.196,-21.057,-20.301,,-21.765,partial_coverage
22,Sokhda,462,Cotton,0.177026733048418,425.9,263.8,617.6,0.075,-2.4,,3.0,-3.0,-3.0,0.78,4,True,0.3881,-19.985,,-39.224,-13.481,,-21.351,partial_coverage
22,Sokhda,463,Cotton,0.0913840449500568,425.9,266.7,623.4,0.039,-2.4,,3.0,-3.0,-3.0,0.78,4,True,0.3881,-19.635,,-15.748,-14.505,,-21.341,partial_coverage
22,Sokhda,464,Cotton,0.256712414809108,855.6,436.1,1496.7,0.22,0.0,,,,,0.78,0,False,0.0,,,,,,,not_observed_swath_edge
22,Sokhda,465,Cotton,0.2917391167715356,855.6,441.9,1506.6,0.25,0.0,,,,,0.78,0,False,0.0,,,,,,,not_observed_swath_edge
22,Sokhda,466,Rice,0.2698876320493243,1656.5,1133.0,2235.4,0.447,0.48,0.435,0.038,-0.244,0.442,1.0,5,True,0.1475,-18.898,-19.003,-20.021,-18.946,,-21.62,partial_coverage
22,Sokhda,467,Rice,0.2922226121952749,1549.8,1036.1,2117.8,0.453,0.047,-0.28,-0.442,0.882,1.012,1.0,6,True,0.2434,-20.452,-19.405,-21.481,-19.448,-17.136,-21.11,ok
22,Sokhda,468,Groundnut,0.0911195235807055,2082.2,1332.0,2931.9,0.19,-1.661,-3.0,0.56,-0.899,1.042,0.6,5,True,0.4909,-18.093,6.717,-19.593,-18.399,,-21.662,partial_coverage
22,Sokhda,469,Rice,0.2402989172515131,1825.6,1232.0,2473.4,0.439,1.111,0.761,1.063,-1.548,0.092,1.0,6,True,0.3782,-19.429,-18.404,-18.938,-17.873,-15.598,-21.718,ok
22,Sokhda,470,Rice,0.1606899894870283,1616.3,1090.3,2207.4,0.26,0.32,0.831,-0.153,-0.157,-0.249,1.0,6,True,0.1898,-18.54,-19.18,-19.612,-19.146,-16.928,-21.742,ok
22,Sokhda,471,Rice,0.1856188783839298,1799.3,1217.5,2453.5,0.334,1.016,0.675,0.994,-0.741,0.063,1.0,6,True,0.2282,-18.145,-17.997,-18.659,-17.945,-15.322,-21.066,ok
22,Sokhda,472,Rice,0.18878809722125,1538.6,1051.4,2093.9,0.29,0.0,0.837,-0.466,0.439,-0.645,1.0,6,True,0.2075,-18.946,-19.503,-19.925,-19.473,-16.79,-21.534,ok
22,Sokhda,473,Rice,0.1430337150801233,1657.4,1122.8,2246.0,0.237,0.483,0.787,-0.623,0.347,1.014,1.0,5,True,0.2017,-18.937,-19.719,-20.215,-19.637,,-21.781,partial_coverage
22,Sokhda,474,Cotton,0.0963185488537208,719.7,454.8,1040.6,0.069,-0.171,0.68,1.279,-1.245,-0.988,0.78,6,True,0.3161,-18.674,-18.075,-18.73,-17.646,-17.646,-21.22,ok
22,Sokhda,475,Cotton,0.0917433134354056,720.4,448.4,1034.2,0.066,-0.499,-0.962,0.169,-0.696,0.667,0.78,6,True,0.2069,-19.679,-17.931,-21.016,-18.809,-16.451,-21.889,ok
22,Sokhda,476,Rice,0.0867593207062643,1633.0,1109.8,2214.3,0.142,0.387,0.921,-0.866,0.697,0.948,1.0,6,True,0.2018,-19.734,-20.308,-20.606,-19.892,-17.138,-21.72,ok
22,Sokhda,477,Cotton,0.0795514990984142,855.4,541.5,1211.0,0.068,-0.099,-0.564,-0.947,0.181,1.176,0.78,6,True,0.2606,-19.593,-18.887,-21.383,-19.977,-17.928,-22.269,ok
22,Sokhda,478,Rice,0.0839916335803564,1583.3,1072.6,2143.8,0.133,0.186,0.373,-1.048,1.278,1.452,1.0,6,True,0.2304,-19.752,-19.737,-20.845,-20.083,-16.69,-21.389,ok
22,Sokhda,479,Cotton,0.1380084472045846,838.3,525.1,1210.2,0.116,-0.341,0.399,-0.572,0.441,-0.826,0.78,6,True,0.2142,-19.785,-19.838,-20.909,-19.584,-16.906,-21.643,ok
22,Sokhda,480,Rice,0.1001175208381452,1656.4,1118.2,2279.6,0.166,0.479,0.726,0.241,-0.164,-0.293,1.0,6,True,0.2039,-19.189,-19.255,-19.841,-18.733,-17.186,-21.335,ok
22,Sokhda,481,Groundnut,0.2403069130365946,2935.5,1863.0,4125.1,0.705,0.231,0.447,-1.245,1.087,0.263,0.6,6,True,0.2262,-19.34,-19.292,-20.291,-20.289,-15.628,-21.767,ok
22,Sokhda,482,Rice,0.044650843468584,1945.5,1315.2,2656.0,0.087,1.524,0.72,2.339,-1.79,-0.749,1.0,6,True,0.4602,-18.084,-18.135,-18.731,-16.536,-14.965,-20.599,ok
22,Sokhda,483,Rice,0.0432005622432614,1972.3,1338.7,2657.6,0.085,1.613,1.564,0.2,-0.371,1.738,1.0,6,True,0.2106,-19.537,-19.43,-18.775,-18.776,-14.967,-21.564,ok
22,Sokhda,484,Rice,0.1930456949426987,1505.0,1011.2,2062.1,0.291,-0.144,0.761,-0.263,0.229,-1.259,1.0,6,True,0.2426,-19.355,-19.355,-19.89,-19.261,-18.471,-21.511,ok
22,Sokhda,485,Rice,0.2791231881668802,1657.0,1114.5,2225.9,0.463,0.481,0.705,0.137,-0.189,-0.091,1.0,6,True,0.1942,-19.082,-18.98,-19.597,-18.842,-17.321,-21.467,ok
22,Sokhda,486,Groundnut,0.1676648984824417,1962.1,1258.3,2781.0,0.329,-1.988,-3.0,-0.772,0.689,0.906,0.6,5,True,0.4851,-19.824,-2.841,-20.159,-19.794,,-21.63,partial_coverage
22,Sokhda,487,Rice,0.1412971222008638,1628.9,1099.6,2202.1,0.23,0.37,0.326,-0.415,0.318,1.015,1.0,5,True,0.1423,-19.818,-20.38,-21.559,-19.42,,-21.589,partial_coverage
22,Sokhda,488,Rice,0.096307335907597,1721.5,1171.5,2335.8,0.166,0.729,0.681,-0.526,0.2,1.691,1.0,5,True,0.1917,-20.226,-20.372,-21.025,-19.537,,-21.811,partial_coverage
22,Sokhda,489,Rice,0.0804609686412166,1500.3,1011.9,2043.6,0.121,-0.164,-0.022,-0.83,0.851,0.688,1.0,5,True,0.2077,-19.529,-19.197,-20.891,-19.854,,-21.545,partial_coverage
22,Sokhda,490,Rice,0.0923559261789525,1838.7,1262.8,2523.8,0.17,1.157,0.297,0.806,-1.162,1.281,1.0,5,True,0.2684,-19.29,-19.346,-20.567,-18.142,,-21.641,partial_coverage
22,Sokhda,491,Rice,0.1762386218897898,1579.1,1057.8,2144.5,0.278,0.169,-0.025,-0.219,-0.014,0.635,1.0,6,True,0.1997,-19.257,-18.995,-20.694,-19.214,-17.409,-21.682,ok
22,Sokhda,492,Cotton,0.1181822677593686,825.6,509.7,1187.9,0.098,0.023,0.088,0.696,-0.374,-0.36,0.78,6,True,0.2204,-19.166,-18.409,-19.94,-18.257,-17.065,-21.048,ok
22,Sokhda,493,Rice,0.1160567113296273,1715.8,1152.2,2346.5,0.199,0.708,0.772,-0.173,0.234,0.939,1.0,5,True,0.1598,-18.034,-18.807,-19.325,-19.166,,-21.411,partial_coverage
22,Sokhda,494,Rice,0.1644427004074185,1755.1,1186.8,2376.5,0.289,0.855,1.091,0.318,-1.024,0.114,1.0,5,True,0.2603,-18.204,-19.29,-19.337,-18.652,,-22.028,partial_coverage
22,Sokhda,495,Rice,0.1089236851216604,1616.4,1100.3,2158.5,0.176,0.32,0.257,-0.102,0.007,0.472,1.0,5,True,0.1519,-18.182,-18.731,-20.011,-19.092,,-21.541,partial_coverage
22,Sokhda,496,Cotton,0.1629603049676952,845.4,522.8,1222.3,0.138,-0.055,0.638,0.202,-0.013,-0.907,0.78,5,True,0.1625,-18.971,-19.163,-19.88,-18.774,,-21.24,partial_coverage
22,Sokhda,497,Rice,0.1806301414067923,1711.3,1166.8,2327.0,0.309,0.691,0.505,0.139,0.106,0.767,1.0,6,True,0.2171,-20.0,-18.323,-19.236,-18.841,-16.607,-21.2,ok
22,Sokhda,498,Rice,0.1602551624910886,1613.6,1083.7,2187.6,0.259,0.309,0.178,-0.288,0.733,0.849,1.0,6,True,0.2429,-18.847,-18.916,-20.313,-19.287,-16.444,-21.083,ok
22,Sokhda,499,Groundnut,0.1336757797223952,2110.9,1365.5,3017.6,0.282,-1.586,-2.075,-2.667,2.366,1.145,0.6,6,True,0.3741,-19.875,-18.024,-22.756,-21.778,-16.704,-22.106,ok
22,Sokhda,500,Rice,0.1377554802401774,1890.9,1260.8,2542.7,0.26,1.339,0.974,0.536,-0.733,1.27,1.0,6,True,0.2925,-17.992,-18.688,-18.908,-18.424,-15.95,-21.538,ok
22,Sokhda,501,Rice,0.1471149749475219,1896.7,1289.2,2599.1,0.279,1.359,0.601,1.234,-1.468,0.729,1.0,6,True,0.3782,-19.501,-18.612,-19.384,-17.693,-16.129,-21.467,ok
22,Sokhda,502,Groundnut,0.1344802344217112,2819.6,1823.0,3965.1,0.379,0.009,-0.312,-0.291,-0.438,0.633,0.6,6,True,0.2411,-19.999,-17.887,-20.009,-19.29,-17.446,-22.138,ok
22,Sokhda,503,Bajra,0.2026347051363618,3042.8,1896.6,4458.7,0.617,-0.135,0.336,-1.254,1.746,-0.425,0.5,6,True,0.2182,-18.809,-18.527,-19.691,-20.299,-16.722,-21.185,ok
22,Sokhda,504,Cotton,0.1511967240891229,848.3,536.9,1213.6,0.128,-0.097,-0.368,0.477,0.096,-0.355,0.78,6,True,0.1981,-19.392,-17.48,-19.685,-18.486,-18.728,-20.855,ok
22,Sokhda,505,Groundnut,0.1015830987330794,2740.4,1743.0,3902.1,0.278,-0.148,-0.335,-1.274,0.429,0.783,0.6,6,True,0.1979,-20.066,-18.705,-20.862,-20.32,-15.996,-22.389,ok
22,Sokhda,506,Maize,0.1007333501969106,2376.9,1533.2,3368.6,0.239,0.345,0.638,-1.116,0.825,0.126,0.55,6,True,0.2107,-19.523,-18.988,-19.704,-20.154,-15.76,-21.867,ok
22,Sokhda,507,Groundnut,0.1492172537858076,2822.1,1807.5,4013.0,0.421,0.014,-0.08,-0.995,0.526,0.572,0.6,6,True,0.2623,-18.702,-18.604,-20.383,-20.028,-19.133,-22.01,ok
22,Sokhda,508,Groundnut,0.2176167412887505,3012.7,1932.1,4297.3,0.656,0.374,0.408,-0.854,0.531,0.49,0.6,6,True,0.2016,-19.348,-19.079,-20.136,-19.88,-16.582,-21.858,ok
22,Sokhda,509,Groundnut,0.1657768055223072,2578.8,1674.2,3685.4,0.428,-0.483,-0.64,-1.5,0.976,0.635,0.6,6,True,0.2036,-19.768,-18.406,-21.015,-20.556,-16.202,-22.134,ok
22,Sokhda,510,Rice,0.1223672355262345,1774.5,1211.8,2414.5,0.217,0.926,0.188,1.251,-0.76,0.083,1.0,6,True,0.2056,-18.696,-18.185,-19.568,-17.676,-17.914,-20.814,ok
22,Sokhda,511,Bajra,0.3306555545046636,3475.7,2158.7,5067.7,1.149,0.556,0.733,-0.691,0.279,0.259,0.5,6,True,0.2695,-20.131,-17.458,-18.034,-19.71,-17.587,-21.914,ok
22,Sokhda,512,Rice,0.2586701865126444,1589.7,1071.7,2172.9,0.411,0.212,0.878,-0.354,-0.239,-0.293,1.0,6,True,0.2358,-19.852,-19.537,-19.898,-19.356,-17.743,-22.026,ok
22,Sokhda,513,Cotton,0.195207576854954,781.9,486.8,1147.4,0.153,-1.175,-0.953,-1.052,1.39,-1.338,0.78,6,True,0.2365,-20.252,-18.153,-21.225,-20.087,-16.5,-21.293,ok
22,Sokhda,514,Cotton,0.1849479099757573,606.4,380.2,877.4,0.112,-1.397,-0.959,0.37,-0.691,-1.043,0.78,6,True,0.2773,-18.086,-16.927,-20.007,-18.598,-17.069,-21.674,ok
22,Sokhda,515,Rice,0.1123791051336908,1534.8,1039.7,2074.4,0.172,-0.016,0.543,-0.581,0.102,-0.093,1.0,6,True,0.1812,-18.998,-19.194,-20.051,-19.593,-17.394,-21.957,ok
22,Sokhda,516,Groundnut,0.2840670729549926,2657.5,1712.6,3789.1,0.755,-0.317,-0.408,-0.362,-0.54,0.046,0.6,6,True,0.2484,-19.399,-17.981,-20.246,-19.365,-17.709,-22.305,ok
22,Sokhda,517,Rice,0.0792446906230123,1951.6,1322.4,2681.7,0.155,1.544,2.184,1.119,-1.952,-0.789,1.0,6,True,0.4081,-18.295,-18.573,-17.002,-17.814,-17.693,-22.023,ok
22,Sokhda,518,Bajra,0.0656999065572408,3143.6,1934.2,4574.3,0.207,0.035,-0.291,-1.807,1.407,1.416,0.5,6,True,0.2877,-19.272,-17.402,-19.493,-20.878,-17.537,-22.069,ok
22,Sokhda,519,Rice,0.5447215477813234,1910.3,1293.3,2579.8,1.041,1.405,0.883,1.176,-1.636,0.557,1.0,6,True,0.364,-18.828,-18.368,-18.722,-17.755,-17.416,-21.68,ok
22,Sokhda,520,Rice,0.8513127096240398,1809.1,1233.4,2476.4,1.54,1.052,0.218,0.957,-1.777,0.858,1.0,6,True,0.3249,-19.743,-17.934,-19.272,-17.983,-17.925,-22.035,ok
22,Sokhda,521,Cotton,0.2473291007450734,685.8,427.1,989.4,0.17,-0.691,-0.564,-0.148,-0.803,0.371,0.78,6,True,0.2625,-19.666,-17.41,-19.906,-19.14,-18.141,-22.316,ok
22,Sokhda,522,Groundnut,0.2516121697178553,2631.8,1677.8,3759.3,0.662,-0.371,-0.782,-0.43,-0.308,0.633,0.6,6,True,0.2854,-19.652,-17.09,-19.908,-19.436,-18.163,-22.167,ok
22,Sokhda,523,Cotton,0.1652413273952201,694.9,434.2,1000.5,0.115,0.144,0.085,3.0,-3.0,0.167,0.78,6,True,0.6133,-18.642,-17.767,-19.302,-15.62,-16.169,-21.133,ok
22,Sokhda,524,Cotton,0.8612989626456616,1022.6,625.4,1458.2,0.881,0.952,-1.294,2.415,-0.047,0.53,0.78,6,True,0.3979,-19.994,-17.626,-21.202,-16.457,-14.361,-18.954,ok
22,Sokhda,525,Groundnut,0.2599311903897489,2412.9,1546.8,3412.2,0.627,-0.849,-1.435,-1.391,3.0,1.139,0.6,6,True,0.2544,-19.841,-16.191,-19.976,-20.442,-17.521,-19.337,ok
22,Sokhda,526,Cotton,0.2431002338182946,904.3,558.2,1282.8,0.22,0.76,-0.24,1.717,-0.827,0.631,0.78,6,True,0.2533,-19.894,-18.485,-20.501,-17.187,-16.563,-20.386,ok
22,Sokhda,527,Cotton,2.500848576841335,625.5,390.0,907.9,1.564,-0.646,-0.833,1.162,-1.639,0.241,0.78,6,True,0.3093,-19.7,-17.889,-20.783,-17.768,-17.219,-21.696,ok
22,Sokhda,528,Cotton,0.9825433740373588,821.6,516.3,1196.7,0.807,-0.036,-0.069,0.589,-0.314,-0.254,0.78,6,True,0.2246,-19.505,-19.521,-21.284,-18.369,-17.471,-21.106,ok
22,Sokhda,529,Cotton,0.4940634585001887,784.8,489.0,1125.3,0.388,0.27,-0.337,1.236,-1.23,0.794,0.78,6,True,0.2234,-17.709,-17.488,-19.647,-17.691,-15.65,-21.251,ok
22,Sokhda,530,Cotton,0.3696380340553226,695.2,430.5,981.8,0.257,-1.158,-1.1,0.357,0.147,-1.328,0.78,6,True,0.2415,-19.082,-17.286,-20.576,-18.612,-16.743,-20.935,ok
22,Sokhda,531,Rice,0.1038161631747896,1693.0,1152.9,2320.4,0.176,0.621,0.695,0.2,-0.645,0.21,1.0,6,True,0.1712,-19.326,-18.78,-19.413,-18.776,-17.64,-21.811,ok
22,Sokhda,532,Groundnut,0.1329832284225276,3161.9,1995.9,4507.2,0.42,0.64,0.775,-1.111,1.911,0.598,0.6,6,True,0.2646,-19.469,-19.144,-19.657,-20.148,-15.345,-20.886,ok
22,Sokhda,533,Rice,0.2415115627003901,2075.1,1396.4,2809.1,0.501,1.942,1.763,1.323,-1.245,0.578,1.0,6,True,0.3787,-18.982,-18.675,-17.727,-17.6,-16.443,-21.174,ok
22,Sokhda,534,Rice,0.1886608496676608,1497.4,1013.4,2053.7,0.283,-0.176,-0.06,-0.756,0.451,0.589,1.0,6,True,0.2124,-19.799,-19.077,-20.827,-19.778,-16.555,-21.827,ok
22,Sokhda,535,Cotton,0.1765557253714162,664.5,406.7,962.7,0.117,-0.501,0.697,1.154,-1.377,-1.3,0.78,6,True,0.3499,-18.746,-18.907,-19.537,-17.777,-18.147,-21.469,ok
22,Sokhda,536,Rice,0.0404355468667854,1702.7,1159.6,2331.1,0.069,0.658,0.233,0.243,-0.392,0.889,1.0,6,True,0.1897,-18.54,-19.189,-20.505,-18.731,-18.004,-21.538,ok
22,Sokhda,537,Rice,0.0439521715472426,1778.7,1206.4,2431.3,0.078,0.942,0.837,-0.231,-1.007,1.589,1.0,6,True,0.2661,-19.524,-19.355,-19.777,-19.228,-18.298,-22.588,ok
22,Sokhda,538,Rice,0.0413056002289738,1414.7,958.4,1925.0,0.058,-0.545,-0.347,-1.151,0.279,0.598,1.0,6,True,0.1821,-19.801,-19.971,-22.145,-20.191,-17.769,-22.395,ok
22,Sokhda,539,Rice,0.0563783451973083,1712.8,1170.6,2336.8,0.097,0.697,0.491,0.361,-0.852,0.446,1.0,6,True,0.2209,-19.174,-18.891,-19.825,-18.607,-19.809,-21.828,ok
22,Sokhda,540,Maize,0.0841851915694515,2182.4,1418.5,3075.7,0.184,-0.141,0.332,-0.718,1.217,-0.701,0.55,6,True,0.2809,-18.511,-17.813,-18.982,-19.737,-19.593,-21.099,ok
22,Sokhda,541,Groundnut,0.0900955213287215,2816.7,1782.6,4046.2,0.254,0.003,-0.347,-0.266,0.478,0.672,0.6,6,True,0.2226,-17.887,-18.035,-20.21,-19.264,-16.818,-21.289,ok
22,Sokhda,542,Cotton,0.0975509091155648,806.1,503.7,1145.8,0.079,0.249,0.242,0.237,-0.97,0.919,0.78,6,True,0.3037,-19.686,-19.307,-20.609,-18.738,-16.458,-22.065,ok
22,Sokhda,543,Rice,0.1044356316650902,1933.4,1287.9,2623.1,0.202,1.483,1.322,0.545,-0.488,1.168,1.0,6,True,0.2074,-19.013,-19.013,-18.717,-18.415,-15.81,-21.308,ok
22,Sokhda,544,Rice,1.0644223343721928,1606.5,1091.4,2186.3,1.71,0.28,0.339,-0.355,-0.24,0.653,1.0,6,True,0.1959,-19.785,-18.734,-19.893,-19.357,-16.21,-22.028,ok
22,Sokhda,545,Groundnut,1.2379552197366972,2865.0,1830.2,4053.2,3.547,0.097,0.153,-1.256,2.117,0.479,0.6,6,True,0.2416,-19.691,-18.39,-19.824,-20.301,-16.362,-20.853,ok
22,Sokhda,546,Rice,1.2141040129704344,2465.9,1640.9,3358.5,2.994,3.063,2.323,3.0,-2.514,0.213,1.0,6,True,0.6461,-19.09,-17.914,-16.136,-14.255,-13.023,-18.969,ok
22,Sokhda,547,Cotton,0.6823035464666509,902.3,565.8,1298.9,0.616,0.624,0.116,0.883,-0.617,0.673,0.78,6,True,0.2229,-19.927,-19.402,-20.891,-18.061,-17.052,-21.071,ok
22,Sokhda,548,Rice,0.7533470024140454,1503.3,1021.7,2051.0,1.133,-0.151,0.019,-0.265,0.166,-0.237,1.0,6,True,0.2024,-20.073,-19.019,-20.652,-19.264,-17.53,-21.569,ok
22,Sokhda,549,Rice,0.3137235905644036,1692.7,1142.2,2288.9,0.531,0.62,0.351,0.697,-1.003,-0.108,1.0,6,True,0.2667,-18.594,-18.295,-19.436,-18.256,-18.037,-21.612,ok
22,Sokhda,550,Cotton,0.4606338196593138,571.2,357.2,830.3,0.263,-1.666,-2.231,0.178,-0.761,0.041,0.78,6,True,0.3986,-19.555,-15.554,-20.517,-18.8,-18.259,-21.939,ok
22,Sokhda,551,Groundnut,0.1696009172845742,2467.7,1559.0,3513.4,0.419,-0.725,-1.558,-1.013,1.58,1.478,0.6,6,True,0.3287,-18.491,-17.001,-20.968,-20.046,-16.625,-21.081,ok
22,Sokhda,552,Groundnut,0.2494268841373508,2804.1,1798.4,3936.5,0.699,-0.021,-0.734,-1.177,0.567,1.777,0.6,6,True,0.2766,-19.015,-18.686,-21.434,-20.218,-17.975,-22.163,ok
22,Sokhda,553,Bajra,0.1284406975733947,2889.6,1789.9,4242.2,0.371,-0.403,-0.655,-1.388,0.962,0.8,0.5,6,True,0.2769,-18.577,-17.49,-20.121,-20.438,-17.136,-22.029,ok
22,Sokhda,554,Groundnut,0.4613383867075512,2622.1,1665.1,3751.0,1.21,-0.391,-0.208,-1.147,0.938,-0.11,0.6,6,True,0.2514,-19.122,-18.277,-20.246,-20.187,-17.622,-21.799,ok
22,Sokhda,555,Rice,1.1271496322792165,1470.4,993.9,1986.0,1.657,-0.294,-0.643,-0.654,0.474,0.913,1.0,6,True,0.2075,-19.815,-18.863,-21.475,-19.671,-17.461,-21.699,ok
22,Sokhda,556,Cotton,0.4233013390986516,746.3,465.4,1076.4,0.316,0.515,1.453,3.0,-2.311,-1.27,0.78,6,True,0.5426,-18.339,-16.993,-16.503,-14.997,-15.158,-19.529,ok
22,Sokhda,557,Cotton,0.2987337725504171,883.7,551.5,1254.0,0.264,1.311,1.487,3.0,-1.881,-0.402,0.78,6,True,0.4921,-18.39,-16.849,-16.308,-15.221,-14.358,-19.366,ok
22,Sokhda,558,Cotton,0.9442326829983092,831.9,523.4,1202.6,0.786,-0.263,-0.129,-0.751,0.217,0.236,0.78,6,True,0.2049,-18.181,-18.406,-20.258,-19.772,-16.065,-22.032,ok
22,Sokhda,559,Bajra,0.4174512297340512,3030.2,1881.9,4398.0,1.265,-0.156,0.506,-1.386,1.928,-0.723,0.5,6,True,0.3269,-16.897,-15.958,-16.871,-20.437,-18.87,-21.159,ok
22,Sokhda,560,Bajra,0.6725763753459075,2751.6,1713.2,3994.0,1.851,-0.657,-0.689,-1.638,1.113,0.365,0.5,6,True,0.2824,-19.563,-17.378,-20.059,-20.701,-17.441,-22.156,ok
22,Sokhda,561,Bajra,0.4397974925726421,3036.2,1890.6,4414.9,1.335,-0.146,0.811,-1.415,1.706,-1.244,0.5,6,True,0.3136,-17.753,-17.031,-17.491,-20.468,-18.658,-21.389,ok
22,Sokhda,562,Maize,0.2438421813596782,2458.5,1603.4,3498.4,0.599,0.536,0.799,-0.118,0.305,-0.197,0.55,6,True,0.2677,-18.999,-16.582,-17.06,-19.109,-17.252,-21.29,ok
22,Sokhda,563,Bajra,0.2196439918163695,2968.8,1832.6,4276.7,0.652,-0.263,0.134,-0.881,0.335,-0.554,0.5,6,True,0.26,-18.714,-16.853,-18.316,-19.908,-16.92,-22.062,ok
22,Sokhda,564,Cotton,0.4751739944836876,803.8,507.0,1150.0,0.382,-0.133,0.743,0.269,-0.346,-0.877,0.78,6,True,0.1936,-19.042,-18.96,-19.521,-18.704,-17.206,-21.469,ok
22,Sokhda,565,Cotton,0.1140550917385265,635.0,404.8,918.9,0.072,-0.653,0.427,1.099,-1.509,-1.098,0.78,6,True,0.3271,-18.214,-17.882,-18.912,-17.834,-16.935,-21.645,ok
22,Sokhda,566,Groundnut,0.2808860739766131,2689.6,1725.8,3780.5,0.755,-0.251,-0.131,-0.218,0.13,-0.371,0.6,6,True,0.2106,-18.605,-18.124,-19.98,-19.214,-16.679,-21.552,ok
22,Sokhda,567,Rice,0.4230612460997342,1490.7,1013.2,2023.8,0.631,-0.205,0.441,-0.277,-0.025,-0.961,1.0,6,True,0.1936,-19.144,-19.168,-20.176,-19.276,-17.196,-21.754,ok
22,Sokhda,568,Maize,0.1505242195589567,2661.1,1716.7,3767.4,0.401,0.986,1.735,0.297,-0.445,-1.018,0.55,6,True,0.2653,-17.381,-18.874,-17.967,-18.675,-17.807,-21.529,ok
22,Sokhda,569,Cotton,0.5757768329702583,497.2,312.2,733.7,0.286,-2.137,-0.715,0.973,-1.174,-2.645,0.78,6,True,0.2103,-19.156,-16.557,-19.277,-17.966,-15.938,-21.476,ok
22,Sokhda,570,Cotton,1.6120899250143288,802.6,499.6,1159.3,1.294,0.893,1.588,3.0,-2.98,-0.105,0.78,6,True,0.5672,-16.739,-15.491,-14.801,-13.783,-14.192,-18.916,ok
22,Sokhda,571,Rice,0.6626345621976223,1750.8,1192.5,2392.3,1.16,0.839,0.547,0.365,1.401,0.756,1.0,6,True,0.3279,-19.982,-19.214,-20.064,-18.603,-15.608,-19.799,ok
22,Sokhda,572,Bajra,0.6223063217066931,2922.4,1820.3,4245.0,1.819,-0.344,-0.459,-0.633,0.073,0.208,0.5,6,True,0.2704,-17.458,-16.221,-18.562,-19.649,-17.814,-22.038,ok
22,Sokhda,573,Cotton,1.273891552877008,1112.0,695.9,1577.9,1.417,0.966,-0.863,1.592,0.753,0.145,0.78,6,True,0.3723,-19.437,-17.083,-20.022,-17.318,-15.22,-19.096,ok
22,Sokhda,574,Cotton,0.7135218324367294,1036.8,641.8,1493.4,0.74,1.595,0.65,2.952,-1.034,0.11,0.78,6,True,0.4109,-18.635,-18.283,-18.981,-15.895,-15.193,-19.279,ok
22,Sokhda,575,Groundnut,0.7889566409347055,2724.4,1723.5,3865.1,2.149,-0.18,0.314,-0.78,0.374,-0.734,0.6,6,True,0.1862,-19.349,-18.873,-20.069,-19.802,-17.235,-21.921,ok
22,Sokhda,576,Rice,0.1748646271367337,1515.7,1021.9,2056.1,0.265,-0.097,0.054,-0.15,0.145,-0.323,1.0,6,True,0.2259,-18.8,-18.615,-20.196,-19.143,-16.215,-21.468,ok
22,Sokhda,577,Maize,0.1507729260125211,2614.7,1680.6,3696.8,0.394,0.886,1.765,0.918,-1.297,-1.629,0.55,6,True,0.3305,-19.496,-18.608,-17.656,-18.024,-18.096,-21.645,ok
22,Sokhda,578,Bajra,0.282146896543282,3077.5,1915.8,4454.5,0.868,-0.076,-0.002,-1.125,0.454,0.274,0.5,6,True,0.2832,-16.891,-15.898,-17.562,-20.163,-16.958,-22.21,ok
22,Sokhda,579,Bajra,0.4596120191386753,3255.8,2034.3,4645.6,1.496,0.217,0.729,-1.05,2.05,-0.386,0.5,6,True,0.2905,-16.53,-16.286,-16.868,-20.085,-17.263,-20.698,ok
22,Sokhda,580,Rice,0.1585226202588837,1833.3,1243.2,2498.5,0.291,1.138,0.628,0.618,-0.72,1.067,1.0,6,True,0.175,-17.567,-17.713,-18.445,-18.339,-17.683,-21.441,ok
22,Sokhda,581,Cotton,0.3381779372622051,645.4,405.8,924.5,0.218,-0.29,-0.179,1.069,-1.928,0.565,0.78,6,True,0.3072,-17.471,-17.059,-18.985,-17.866,-17.294,-22.053,ok
22,Sokhda,582,Rice,0.3330963064426387,2329.6,1564.7,3196.9,0.776,2.694,1.915,2.431,-2.795,0.672,1.0,6,True,0.5869,-18.157,-18.471,-17.296,-16.44,-16.055,-21.406,ok
22,Sokhda,583,Cotton,0.7334427895405267,704.4,441.2,1018.5,0.517,0.148,-0.433,1.898,-1.903,0.698,0.78,6,True,0.4011,-20.307,-18.894,-21.196,-16.998,-18.815,-21.163,ok
22,Sokhda,584,Bajra,0.8413062359421699,3101.6,1933.2,4458.3,2.609,-0.035,0.319,-1.338,0.632,-0.109,0.5,6,True,0.3059,-16.625,-15.626,-16.815,-20.387,-17.299,-22.274,ok
22,Sokhda,585,Maize,0.3410882309356329,2455.9,1577.3,3464.7,0.838,0.53,0.985,1.27,-2.002,-1.247,0.55,6,True,0.293,-16.416,-16.189,-16.392,-17.656,-18.011,-21.91,ok
22,Sokhda,586,Groundnut,0.1400604314572162,2558.9,1631.9,3645.1,0.358,-0.525,-0.884,-0.883,-0.289,0.668,0.6,6,True,0.2811,-20.063,-17.908,-20.877,-19.911,-16.372,-22.625,ok
22,Sokhda,587,Cotton,0.1656896793481617,739.3,464.4,1057.7,0.122,-0.302,0.417,0.724,-0.801,-0.833,0.78,6,True,0.1863,-18.181,-17.67,-18.714,-18.228,-17.23,-21.402,ok
22,Sokhda,588,Rice,0.1688590269462622,1588.1,1070.1,2162.5,0.268,0.206,0.128,-0.065,-0.189,0.277,1.0,6,True,0.2123,-18.758,-19.003,-20.475,-19.053,-16.485,-21.678,ok
22,Sokhda,589,Rice,0.0352974566787609,1635.5,1103.5,2233.9,0.058,0.397,-0.45,0.142,0.208,1.283,1.0,6,True,0.2564,-19.5,-19.467,-21.795,-18.837,-16.527,-21.105,ok
22,Sokhda,590,Cotton,0.1412877818025019,643.9,401.7,923.0,0.091,-0.781,0.676,0.674,-1.194,-1.449,0.78,6,True,0.3117,-19.15,-18.672,-19.332,-18.28,-17.309,-21.808,ok
22,Sokhda,591,Cotton,0.1776757317516739,693.5,432.6,998.6,0.123,-0.776,0.175,0.266,-0.561,-1.165,0.78,6,True,0.2064,-18.734,-19.368,-20.77,-18.707,-16.719,-21.666,ok
22,Sokhda,592,Rice,0.6900126625425295,1875.8,1277.2,2532.8,1.294,1.287,1.839,0.189,-0.149,0.469,1.0,6,True,0.2829,-20.826,-20.447,-19.386,-18.788,-17.882,-21.376,ok
22,Sokhda,593,Rice,1.0611812859193357,1791.8,1204.5,2445.6,1.901,0.989,1.808,0.041,1.902,-0.075,1.0,6,True,0.3341,-20.737,-21.005,-19.989,-18.942,-15.205,-19.689,ok
22,Sokhda,594,Cotton,1.4630833591899588,758.7,476.7,1091.8,1.11,0.6,1.462,3.0,-2.812,-0.634,0.78,6,True,0.5765,-17.135,-16.082,-15.579,-14.677,-13.91,-19.659,ok
22,Sokhda,595,Cotton,1.0994954291794508,687.0,422.7,982.5,0.755,0.085,1.502,2.789,-3.0,-1.137,0.78,6,True,0.583,-16.269,-16.209,-15.647,-16.066,-15.89,-21.859,ok
22,Sokhda,596,Cotton,0.5211644070332737,954.0,598.3,1371.5,0.497,0.139,-0.054,0.132,0.814,-0.648,0.78,6,True,0.2473,-19.18,-18.79,-20.531,-18.847,-17.574,-20.57,ok
22,Sokhda,597,Cotton,0.5359766470809272,582.1,364.4,836.0,0.312,-1.952,0.324,-0.488,-0.089,-3.0,0.78,6,True,0.179,-18.935,-18.287,-19.468,-19.496,-16.965,-22.031,ok
22,Sokhda,598,Rice,0.1790612843389417,1552.1,1041.4,2102.3,0.278,0.057,-0.152,-0.234,-0.444,0.526,1.0,6,True,0.1707,-19.786,-18.492,-20.378,-19.23,-17.911,-22.085,ok
22,Sokhda,599,Maize,0.5188792626184952,1925.6,1247.2,2768.2,0.999,-0.852,0.49,-0.563,0.083,-2.811,0.55,6,True,0.1863,-19.117,-18.668,-19.603,-19.575,-16.804,-21.955,ok
22,Sokhda,600,Cotton,0.2615006475105891,669.1,420.0,955.3,0.175,-0.764,-0.112,0.578,-0.896,-0.836,0.78,6,True,0.2079,-19.807,-18.263,-20.091,-18.38,-16.193,-21.64,ok
22,Sokhda,601,Groundnut,0.136808064128464,2372.9,1529.9,3311.3,0.325,-0.941,-0.938,-1.008,1.034,-0.19,0.6,6,True,0.2923,-19.918,-17.458,-20.507,-20.041,-17.396,-21.567,ok
22,Sokhda,602,Rice,0.0649705906902342,1941.8,1315.7,2635.3,0.126,1.511,1.125,0.728,-1.42,1.227,1.0,6,True,0.3485,-18.137,-18.188,-18.183,-18.223,-15.405,-21.953,ok
22,Sokhda,603,Cotton,0.1271078373043271,740.9,465.3,1069.6,0.094,-0.56,0.426,-0.106,-0.337,-0.907,0.78,6,True,0.1748,-19.002,-17.947,-18.978,-19.096,-17.254,-21.854,ok
22,Sokhda,604,Cotton,0.2496225983792205,772.8,487.8,1104.2,0.193,-0.329,0.237,0.016,-0.36,-0.431,0.78,6,True,0.1881,-19.344,-18.326,-19.636,-18.969,-17.137,-21.747,ok
22,Sokhda,605,Cotton,0.2729362031979411,616.4,388.4,881.4,0.168,-1.24,0.044,1.108,-0.813,-2.4,0.78,6,True,0.2392,-18.324,-17.112,-18.708,-17.825,-15.151,-21.011,ok
22,Sokhda,606,Rice,0.3093999391629928,1538.9,1044.5,2066.0,0.476,0.001,-0.527,-0.346,-0.527,1.076,1.0,6,True,0.2503,-18.304,-18.698,-21.139,-19.347,-18.175,-22.276,ok
22,Sokhda,607,Cotton,0.1635198306333619,611.7,381.2,881.9,0.1,-0.872,-0.244,0.762,-1.471,-0.493,0.78,6,True,0.3224,-19.453,-18.459,-20.48,-18.188,-16.648,-21.964,ok
22,Sokhda,608,Rice,0.1847434776541969,1973.0,1344.6,2680.3,0.364,1.615,1.797,0.274,-0.788,1.301,1.0,6,True,0.2914,-18.773,-18.915,-17.916,-18.699,-16.679,-21.861,ok
22,Sokhda,609,Rice,0.0977520205102335,1553.3,1060.3,2119.6,0.152,0.062,-0.614,0.68,-1.207,-0.275,1.0,6,True,0.1919,-18.822,-17.385,-19.955,-18.274,-16.613,-21.813,ok
22,Sokhda,610,Rice,0.0761286606322558,1686.6,1139.3,2297.7,0.128,0.597,-0.306,0.985,-1.163,0.287,1.0,6,True,0.1949,-19.068,-17.852,-19.966,-17.954,-17.182,-21.454,ok
22,Sokhda,611,Rice,0.0381415659647135,1670.2,1127.3,2286.0,0.064,0.533,0.086,-0.898,0.174,2.575,1.0,6,True,0.2329,-20.694,-19.028,-20.562,-19.926,-17.767,-22.225,ok
22,Sokhda,612,Cotton,0.1296107003729204,533.0,334.0,773.6,0.069,-1.533,-0.064,0.979,-1.554,-1.913,0.78,6,True,0.2936,-18.927,-17.138,-18.895,-17.961,-16.283,-21.812,ok
22,Sokhda,613,Cotton,0.3561961983703638,671.3,415.4,968.9,0.239,-0.847,-0.051,0.26,-0.728,-0.885,0.78,6,True,0.1787,-18.82,-17.91,-19.647,-18.713,-17.45,-21.822,ok
22,Sokhda,614,Maize,0.3176998439686013,2246.7,1453.0,3190.9,0.714,0.024,0.106,0.306,-0.955,-0.394,0.55,6,True,0.1919,-19.091,-17.308,-18.812,-18.665,-15.648,-21.978,ok
22,Sokhda,615,Cotton,0.9694127001378698,766.2,479.5,1097.8,0.743,0.651,1.337,3.0,-2.481,-0.755,0.78,6,True,0.5268,-17.528,-16.199,-15.881,-15.149,-14.257,-19.833,ok
22,Sokhda,616,Cotton,2.0207724197379453,702.4,440.4,1017.9,1.419,-0.893,-0.445,-0.179,-0.239,-0.618,0.78,6,True,0.1889,-19.35,-18.517,-20.836,-19.173,-17.693,-21.843,ok
22,Sokhda,617,Rice,0.4148327578341932,1444.5,986.4,1958.6,0.599,-0.41,1.125,0.045,-0.601,-3.0,1.0,6,True,0.2692,-19.516,-19.391,-19.387,-18.938,-17.335,-21.933,ok
22,Sokhda,618,Rice,0.5883358547679751,1513.3,1024.4,2045.7,0.89,-0.108,0.085,-0.117,-0.402,-0.448,1.0,6,True,0.1872,-19.117,-18.686,-20.221,-19.108,-17.144,-21.924,ok
22,Sokhda,619,Maize,0.2525174549179244,2285.9,1483.5,3223.5,0.577,0.123,0.55,-0.152,0.143,-0.737,0.55,6,True,0.2044,-18.758,-18.625,-19.472,-19.145,-16.82,-21.472,ok
22,Sokhda,620,Rice,0.2314803634074955,1474.3,997.5,2013.6,0.341,-0.277,0.033,-0.41,0.39,-0.376,1.0,6,True,0.2506,-19.565,-19.1,-20.712,-19.415,-15.256,-21.52,ok
22,Sokhda,621,Rice,0.314551513871161,1744.8,1169.0,2350.7,0.549,0.817,1.25,0.321,-0.658,-0.219,1.0,6,True,0.3285,-18.927,-19.555,-19.366,-18.649,-15.034,-21.696,ok
22,Sokhda,622,Groundnut,0.4141647075943391,2931.6,1881.0,4117.0,1.214,0.224,-0.098,-0.598,0.089,0.92,0.6,6,True,0.2122,-19.817,-18.315,-20.121,-19.611,-15.676,-21.987,ok
22,Sokhda,623,Groundnut,0.3914576054397236,3038.1,1952.4,4262.4,1.189,0.42,0.355,-0.803,0.397,0.676,0.6,6,True,0.189,-19.732,-19.197,-20.333,-19.827,-17.251,-21.924,ok
22,Sokhda,624,Rice,1.2622739737476427,1651.4,1128.6,2239.2,2.085,0.459,0.032,0.284,-0.796,0.554,1.0,6,True,0.1836,-19.606,-18.808,-20.421,-18.688,-17.415,-21.858,ok
22,Sokhda,625,Rice,0.1818096702632076,1871.2,1255.1,2540.8,0.34,1.271,0.714,0.996,-0.867,0.709,1.0,6,True,0.2195,-18.171,-18.356,-18.96,-17.943,-15.524,-21.176,ok
22,Sokhda,626,Cotton,0.21123205847329,825.6,517.4,1183.1,0.174,0.271,0.289,0.677,-0.8,0.299,0.78,6,True,0.1933,-20.061,-18.023,-19.257,-18.276,-17.022,-21.451,ok
22,Sokhda,627,Cotton,0.3735009143820065,751.8,476.9,1069.6,0.281,-0.62,-0.71,-0.176,-0.095,-0.043,0.78,6,True,0.1988,-19.516,-17.763,-20.476,-19.17,-17.169,-21.71,ok
22,Sokhda,628,Maize,0.2715327049878658,2286.9,1487.4,3260.0,0.621,0.125,0.281,-0.361,-0.172,-0.134,0.55,6,True,0.2316,-19.482,-18.409,-19.654,-19.363,-18.318,-21.972,ok
22,Sokhda,629,Maize,0.3564377251458184,2564.4,1633.5,3583.0,0.914,0.776,0.744,-1.302,1.011,1.083,0.55,6,True,0.2755,-19.523,-18.999,-19.558,-20.349,-18.364,-21.895,ok
22,Sokhda,630,Maize,0.2108067180698888,2233.5,1455.9,3172.2,0.471,-0.009,0.41,-0.604,0.159,-0.579,0.55,6,True,0.1879,-19.573,-18.911,-19.965,-19.618,-17.033,-21.93,ok
22,Sokhda,631,Rice,0.7572088323478815,1567.6,1049.7,2136.2,1.187,0.121,0.644,-0.183,-0.104,-0.492,1.0,6,True,0.2365,-19.336,-18.935,-19.642,-19.177,-18.313,-21.726,ok
22,Sokhda,632,Groundnut,0.3033733211523419,3022.0,1916.9,4298.9,0.917,0.391,0.384,-0.877,0.789,0.587,0.6,6,True,0.2048,-19.336,-19.028,-20.12,-19.904,-16.879,-21.649,ok
22,Sokhda,633,Cotton,0.4459277197697974,686.5,429.2,987.2,0.306,-1.942,-1.22,-1.046,1.581,-2.549,0.78,6,True,0.2428,-19.67,-17.2,-20.668,-20.081,-15.953,-21.115,ok
22,Sokhda,634,Groundnut,0.2654615691753482,2111.0,1342.0,2998.4,0.56,-1.586,-1.96,-1.028,0.815,0.115,0.6,6,True,0.3662,-19.737,-16.785,-21.347,-20.062,-16.439,-21.785,ok
22,Sokhda,635,Rice,0.0617118900058861,1549.9,1067.2,2101.6,0.096,0.047,0.589,-1.078,0.377,0.814,1.0,6,True,0.1863,-19.339,-19.947,-20.736,-20.114,-16.944,-22.231,ok
22,Sokhda,636,Rice,0.0627127265695569,1738.1,1189.6,2379.1,0.109,0.792,0.421,0.387,-0.236,0.767,1.0,6,True,0.2117,-18.828,-18.112,-19.151,-18.58,-16.635,-21.248,ok
22,Sokhda,637,Rice,0.0767571898437906,1584.3,1078.0,2158.1,0.122,0.19,0.905,-0.308,0.383,-0.465,1.0,6,True,0.2236,-19.371,-20.08,-20.401,-19.308,-16.427,-21.419,ok
22,Sokhda,638,Groundnut,0.1231491296264476,2900.7,1858.6,4126.6,0.357,0.165,0.003,-0.833,1.01,0.711,0.6,6,True,0.2497,-18.807,-19.006,-20.663,-19.858,-15.621,-21.405,ok
22,Sokhda,639,Rice,0.1661254008683303,1614.9,1106.9,2175.1,0.268,0.314,0.955,-0.316,0.046,-0.178,1.0,6,True,0.2071,-18.997,-19.902,-20.15,-19.317,-16.289,-21.73,ok
22,Sokhda,640,Cotton,0.2640639096629293,725.4,447.9,1040.4,0.192,-0.73,0.022,0.077,-0.23,-1.079,0.78,6,True,0.2397,-19.161,-18.294,-19.922,-18.905,-20.267,-21.566,ok
22,Sokhda,641,Rice,0.3451692209353151,1545.1,1056.3,2077.0,0.533,0.027,-0.358,0.204,-0.32,0.032,1.0,6,True,0.2098,-19.238,-17.798,-19.989,-18.772,-16.712,-21.514,ok
22,Sokhda,642,Rice,0.0715947223737647,2064.4,1387.0,2841.4,0.148,1.909,0.938,1.841,-1.889,0.811,1.0,6,True,0.4269,-18.02,-17.892,-18.164,-17.058,-15.847,-21.21,ok
22,Sokhda,643,Groundnut,0.2309750544674736,2538.8,1612.3,3648.2,0.586,-0.569,-0.882,-0.275,0.07,0.254,0.6,6,True,0.2859,-19.537,-17.312,-20.278,-19.274,-17.872,-21.666,ok
22,Sokhda,644,Groundnut,0.1829256187328611,2223.4,1412.4,3203.7,0.407,-1.3,-1.037,-0.323,-0.08,-1.229,0.6,6,True,0.297,-19.574,-16.98,-20.177,-19.323,-17.262,-21.85,ok
22,Sokhda,645,Cotton,0.8413529327727436,732.6,451.4,1041.8,0.616,0.418,1.204,2.726,-2.335,-0.884,0.78,6,True,0.4717,-17.186,-16.44,-16.319,-16.131,-14.595,-20.684,ok
22,Sokhda,646,Groundnut,0.1542534907138744,2315.8,1467.5,3298.2,0.357,-1.075,-1.125,-1.257,1.237,-0.051,0.6,6,True,0.3106,-19.419,-17.222,-20.548,-20.302,-17.862,-21.645,ok
22,Sokhda,647,Cotton,0.1495128136054129,599.9,375.2,854.8,0.09,-1.283,0.253,1.588,-0.975,-3.0,0.78,6,True,0.237,-18.522,-18.18,-19.467,-17.323,-15.996,-20.654,ok
22,Sokhda,648,Cotton,0.1165808565481153,941.2,584.0,1351.8,0.11,1.042,1.462,1.776,-0.951,-0.534,0.78,6,True,0.3728,-17.661,-18.64,-18.137,-17.126,-16.189,-20.435,ok
22,Sokhda,649,Groundnut,0.1497805394511784,2952.6,1894.8,4186.1,0.442,0.263,-0.12,-0.177,-0.192,0.848,0.6,6,True,0.18,-19.12,-17.633,-19.472,-19.171,-17.441,-21.799,ok
22,Sokhda,650,Groundnut,0.1832858234389917,2647.8,1712.1,3751.9,0.485,-0.337,-1.006,-0.504,-0.433,1.164,0.6,6,True,0.2846,-19.592,-17.775,-20.925,-19.514,-16.557,-22.357,ok
22,Sokhda,651,Cotton,0.2722980272380524,835.1,524.3,1193.1,0.227,-0.276,-0.83,-0.584,0.279,0.687,0.78,6,True,0.2772,-18.671,-18.124,-21.014,-19.597,-17.558,-21.801,ok
22,Sokhda,652,Cotton,0.1275554934542464,764.2,480.7,1096.8,0.097,-0.403,-0.209,0.129,-0.331,-0.251,0.78,6,True,0.1901,-19.324,-17.928,-19.899,-18.85,-17.562,-21.603,ok
22,Sokhda,653,Groundnut,0.430364101659034,2910.9,1844.2,4146.1,1.253,0.185,0.373,-0.244,-0.009,-0.216,0.6,6,True,0.2045,-18.662,-18.1,-19.209,-19.241,-16.109,-21.703,ok
22,Sokhda,654,Groundnut,0.3507205833227034,2996.4,1931.7,4252.5,1.051,0.344,-0.086,-1.08,0.627,1.435,0.6,6,True,0.1992,-19.323,-18.31,-20.098,-20.116,-16.283,-22.008,ok
22,Sokhda,655,Rice,0.8153355646759126,1640.4,1113.6,2229.9,1.337,0.416,0.285,0.3,-1.0,0.055,1.0,6,True,0.2889,-19.363,-19.206,-20.445,-18.672,-17.615,-22.025,ok
22,Sokhda,656,Groundnut,0.2308187273673437,3023.8,1945.5,4226.1,0.698,0.394,-0.099,-1.104,1.791,1.594,0.6,6,True,0.2122,-19.655,-18.227,-20.034,-20.141,-17.609,-20.986,ok
22,Sokhda,657,Rice,0.2684605996387411,1533.5,1050.9,2121.7,0.412,-0.021,-0.374,-0.394,0.512,0.876,1.0,6,True,0.2166,-20.645,-18.852,-21.067,-19.398,-17.474,-21.393,ok
22,Sokhda,658,Cotton,0.496982340961713,862.3,533.4,1236.7,0.429,-0.119,-0.24,-0.149,0.297,-0.095,0.78,6,True,0.2413,-19.071,-18.512,-20.528,-19.141,-16.016,-21.329,ok
22,Sokhda,659,Rice,0.5056482184126999,1557.6,1065.0,2116.4,0.788,0.08,0.557,0.144,-0.46,-1.008,1.0,6,True,0.2243,-19.733,-18.618,-19.454,-18.834,-18.264,-21.702,ok
22,Sokhda,660,Groundnut,0.2245651541189817,2913.0,1867.7,4151.8,0.654,0.189,0.24,-0.955,0.484,0.394,0.6,6,True,0.1976,-20.028,-18.534,-19.84,-19.985,-16.246,-22.005,ok
22,Sokhda,661,Cotton,0.3331439861912955,962.0,598.2,1372.6,0.32,1.024,0.485,1.57,-0.731,0.401,0.78,6,True,0.2311,-18.762,-16.926,-17.87,-17.342,-16.306,-20.454,ok
22,Sokhda,662,Cotton,0.8278971292041478,754.0,477.6,1080.1,0.624,0.568,1.213,3.0,-2.613,-0.639,0.78,6,True,0.4733,-15.794,-15.325,-15.191,-15.489,-14.976,-20.292,ok
22,Sokhda,663,Cotton,0.3663479916809415,650.4,410.1,937.9,0.238,-0.277,0.186,1.562,-1.887,-0.313,0.78,6,True,0.378,-19.289,-18.007,-19.392,-17.35,-17.397,-21.5,ok
22,Sokhda,664,Cotton,0.779507829120733,880.6,548.0,1254.1,0.686,-0.113,-1.696,0.853,0.494,0.172,0.78,6,True,0.3115,-19.708,-16.79,-20.962,-18.093,-15.568,-20.103,ok
22,Sokhda,665,Cotton,0.5788826608019269,904.9,562.2,1291.7,0.524,0.853,-0.519,3.0,-0.977,-0.066,0.78,6,True,0.3689,-19.572,-16.964,-19.393,-15.001,-14.102,-18.333,ok
22,Sokhda,666,Maize,1.3449905483952955,2731.1,1756.8,3875.0,3.673,1.134,1.245,1.19,-2.087,-0.204,0.55,6,True,0.2752,-16.188,-15.603,-15.421,-17.739,-17.859,-22.07,ok
22,Sokhda,667,Cotton,0.2817057673189999,748.5,467.2,1059.4,0.211,0.53,0.383,2.172,-2.162,0.504,0.78,6,True,0.444,-18.494,-17.839,-18.932,-16.711,-16.669,-21.109,ok
22,Sokhda,668,Cotton,0.1093828424349963,1072.7,673.8,1524.1,0.117,0.247,-1.082,-0.156,1.864,-0.201,0.78,6,True,0.3279,-19.681,-17.626,-20.889,-19.149,-15.511,-19.93,ok
22,Sokhda,669,Rice,0.1333702995641553,1575.7,1061.8,2140.9,0.21,0.155,-1.013,0.335,0.54,1.093,1.0,6,True,0.2516,-19.215,-16.99,-20.151,-18.634,-16.779,-20.604,ok
22,Sokhda,670,Groundnut,0.2629297764179536,2688.8,1727.3,3824.2,0.707,-0.253,-0.887,-0.782,0.062,1.292,0.6,6,True,0.2054,-18.11,-17.862,-20.835,-19.804,-15.869,-22.204,ok
22,Sokhda,671,Cotton,0.1230057599182047,653.4,403.5,932.4,0.08,-1.106,-0.176,1.863,-0.525,-3.0,0.78,6,True,0.2305,-18.935,-16.298,-18.22,-17.034,-17.993,-19.961,ok
22,Sokhda,672,Rice,0.0984739360361196,1542.9,1048.9,2123.9,0.152,0.018,-0.874,-0.105,-0.104,1.226,1.0,6,True,0.2744,-18.932,-18.315,-21.271,-19.096,-18.312,-21.644,ok
22,Sokhda,673,Rice,0.0823679800475533,1551.6,1048.0,2135.1,0.128,0.055,-0.198,-0.6,0.461,1.171,1.0,6,True,0.2012,-19.383,-18.592,-20.546,-19.614,-17.331,-21.654,ok
22,Sokhda,674,Bajra,0.3606421232832901,2714.7,1707.0,3998.3,0.979,-0.727,-1.05,-1.596,3.0,0.833,0.5,6,True,0.2973,-19.842,-16.571,-19.786,-20.657,-19.617,-20.241,ok
22,Sokhda,675,Groundnut,0.1688705489980921,3050.9,1967.0,4323.4,0.515,0.444,0.09,-0.718,0.676,1.175,0.6,6,True,0.2092,-20.59,-18.769,-20.297,-19.737,-16.925,-21.584,ok
22,Sokhda,676,Cotton,0.0823973471243068,775.3,478.6,1099.0,0.064,-0.043,-1.153,-0.006,-0.821,1.92,0.78,6,True,0.275,-19.658,-18.196,-21.564,-18.991,-16.527,-22.185,ok
22,Sokhda,677,Rice,0.0781781114560615,1587.1,1079.9,2177.1,0.124,0.202,-0.705,0.21,-0.097,0.992,1.0,6,True,0.2148,-18.958,-17.417,-20.122,-18.766,-17.009,-21.308,ok
22,Sokhda,678,Maize,0.5203760098108207,2290.7,1469.5,3226.0,1.192,0.135,0.516,-0.717,0.695,-0.363,0.55,6,True,0.1903,-19.314,-17.499,-18.396,-19.737,-16.578,-21.567,ok
22,Sokhda,679,Rice,0.146255786282629,1973.7,1327.9,2711.8,0.289,1.617,1.187,1.184,-0.768,0.705,1.0,6,True,0.1952,-18.649,-17.404,-17.308,-17.746,-16.706,-20.891,ok
22,Sokhda,680,Maize,0.2797926690962611,2380.1,1532.1,3372.6,0.666,0.352,0.709,-0.533,-0.088,-0.277,0.55,6,True,0.2514,-19.78,-17.983,-18.594,-19.543,-17.129,-22.077,ok
22,Sokhda,681,Cotton,0.2574471920305934,742.8,460.3,1066.1,0.191,0.49,1.226,2.593,-2.292,-0.696,0.78,6,True,0.4968,-18.824,-17.787,-17.633,-16.27,-16.486,-20.785,ok
22,Sokhda,682,Cotton,0.1765061332287585,758.4,466.5,1076.1,0.134,0.252,0.186,1.279,-1.483,0.451,0.78,6,True,0.2927,-19.859,-17.054,-18.439,-17.647,-17.064,-21.434,ok
22,Sokhda,683,Cotton,0.2236431876776515,810.3,510.8,1174.1,0.181,-0.541,-0.221,-0.128,0.485,-1.028,0.78,6,True,0.2016,-19.066,-17.739,-19.726,-19.12,-17.912,-21.139,ok
22,Sokhda,684,Rice,0.1365979334447161,1739.6,1187.8,2356.3,0.238,0.797,0.546,0.42,-0.8,0.554,1.0,6,True,0.1813,-18.863,-18.23,-19.082,-18.546,-16.976,-21.72,ok
22,Sokhda,685,Cotton,0.2463288821902645,660.8,418.2,948.9,0.163,-0.922,-0.737,0.694,-0.74,-0.746,0.78,6,True,0.1984,-19.921,-18.492,-21.244,-18.259,-18.212,-21.379,ok
22,Sokhda,686,Cotton,0.2091292843886036,1034.5,640.6,1464.5,0.216,0.323,-0.234,-0.3,1.297,-0.211,0.78,6,True,0.2344,-19.127,-18.667,-20.673,-19.3,-18.152,-20.589,ok
22,Sokhda,687,Cotton,0.2109250582922887,617.0,386.8,883.1,0.13,-0.727,-0.383,0.837,-1.625,-0.032,0.78,6,True,0.2805,-18.413,-17.767,-19.995,-18.11,-18.395,-22.025,ok
22,Sokhda,688,Groundnut,1.0836690567189309,2696.4,1720.8,3827.3,2.922,-0.237,-0.67,-1.056,1.139,1.07,0.6,6,True,0.2711,-20.584,-18.255,-20.909,-20.091,-17.865,-21.523,ok
22,Sokhda,689,Cotton,0.7231682935968384,819.8,511.6,1187.9,0.593,-0.552,-2.914,0.31,0.625,1.067,0.78,6,True,0.4207,-19.758,-15.704,-21.678,-18.661,-16.831,-20.554,ok
22,Sokhda,690,Cotton,0.7804438702457662,643.8,399.8,920.3,0.502,-1.342,-2.289,0.618,-0.245,-0.317,0.78,6,True,0.3831,-19.497,-15.592,-20.642,-18.338,-17.37,-21.013,ok
22,Sokhda,691,Groundnut,1.6789870870146013,2060.9,1329.4,2956.1,3.46,-1.718,-1.429,-1.128,0.479,-1.132,0.6,6,True,0.3384,-19.61,-16.938,-20.715,-20.167,-17.895,-22.192,ok
22,Sokhda,692,Groundnut,0.1801973150132869,2235.0,1426.3,3166.1,0.403,-1.271,-0.772,-1.063,0.422,-1.275,0.6,6,True,0.2816,-19.589,-17.371,-20.174,-20.099,-16.565,-22.174,ok
22,Sokhda,693,Rice,0.1698161849481193,1650.1,1112.7,2251.5,0.28,0.454,0.637,-0.066,0.258,0.255,1.0,6,True,0.2299,-18.901,-18.949,-19.667,-19.055,-16.039,-21.278,ok
22,Sokhda,694,Cotton,1.39099111287217,772.9,484.5,1105.4,1.075,0.697,1.0,3.0,-2.076,-0.748,0.78,6,True,0.4234,-16.005,-15.62,-15.801,-15.62,-14.958,-19.94,ok
22,Sokhda,695,Groundnut,0.1247118946882877,2889.8,1852.7,4085.4,0.36,0.145,0.123,-0.334,-0.553,0.191,0.6,6,True,0.2327,-19.467,-18.302,-19.782,-19.335,-18.743,-22.287,ok
22,Sokhda,696,Cotton,0.1429197539846879,810.7,501.2,1164.3,0.116,0.514,0.043,1.669,-1.351,0.511,0.78,6,True,0.2277,-19.534,-17.151,-18.748,-17.238,-15.396,-20.907,ok
22,Sokhda,697,Rice,0.1231097309083733,1580.9,1081.5,2154.3,0.195,0.176,0.194,0.169,-0.01,-0.272,1.0,6,True,0.1802,-19.367,-18.021,-19.395,-18.808,-18.617,-21.272,ok
22,Sokhda,698,Groundnut,0.1517668535939515,3168.9,2024.4,4459.1,0.481,0.653,0.334,-0.24,0.306,1.001,0.6,6,True,0.2055,-17.38,-17.825,-18.991,-19.237,-16.606,-21.417,ok
22,Sokhda,699,Cotton,0.2522032177381246,739.2,461.7,1047.5,0.186,-0.771,-1.097,-0.461,0.022,0.257,0.78,6,True,0.3064,-18.86,-17.193,-20.477,-19.468,-18.161,-21.903,ok
22,Sokhda,700,Groundnut,0.2239086471287021,2513.2,1614.6,3540.7,0.563,-0.625,-1.385,-1.08,2.455,1.442,0.6,6,True,0.272,-18.879,-17.623,-21.334,-20.117,-16.538,-20.366,ok
22,Sokhda,701,Groundnut,0.2260426438016324,2561.3,1627.5,3625.8,0.579,-0.52,-0.939,-0.864,0.399,0.773,0.6,6,True,0.2929,-19.398,-17.667,-20.718,-19.89,-17.567,-21.987,ok
22,Sokhda,702,Cotton,0.2801620640821437,776.7,489.8,1104.7,0.218,-0.255,-0.824,0.597,-0.443,0.255,0.78,6,True,0.2165,-19.356,-18.128,-21.009,-18.36,-17.578,-21.213,ok
22,Sokhda,703,Cotton,0.3428586849446337,753.8,472.0,1080.1,0.258,-0.133,0.308,1.24,-0.915,-0.844,0.78,6,True,0.1963,-17.892,-17.344,-18.549,-17.687,-17.472,-20.964,ok
22,Sokhda,704,Groundnut,1.8944393029421955,2304.3,1500.0,3281.3,4.365,-1.103,-1.2,-0.867,0.583,-0.176,0.6,6,True,0.3002,-19.109,-17.698,-21.135,-19.894,-16.109,-21.825,ok
22,Sokhda,705,Rice,0.2229181417682573,2193.3,1477.6,2984.5,0.489,2.302,1.786,2.328,-1.308,-0.066,1.0,6,True,0.4016,-17.5,-18.059,-17.075,-16.548,-16.957,-20.179,ok
22,Sokhda,706,Groundnut,0.245302222682967,2689.9,1710.5,3817.9,0.66,-0.25,-0.185,-0.78,-0.049,0.01,0.6,6,True,0.1834,-18.346,-18.09,-20.025,-19.802,-16.452,-22.301,ok
22,Sokhda,707,Groundnut,1.4115818472587105,2760.2,1752.2,3898.8,3.896,-0.108,0.238,0.178,-0.151,-0.897,0.6,6,True,0.1912,-19.879,-17.719,-19.027,-18.799,-17.443,-21.39,ok
22,Sokhda,708,Cotton,0.9871610624684668,883.2,553.6,1266.0,0.872,0.08,-1.668,1.532,0.157,0.124,0.78,6,True,0.3346,-20.303,-16.456,-20.586,-17.381,-15.242,-19.695,ok
22,Sokhda,709,Rice,0.8481016978266469,1486.0,1011.1,2013.4,1.26,-0.226,-0.102,-0.379,0.284,-0.095,1.0,6,True,0.2126,-19.435,-18.742,-20.554,-19.382,-16.91,-21.581,ok
22,Sokhda,710,Bajra,0.3834866554124757,3129.8,1937.1,4540.1,1.2,0.012,0.601,-1.061,0.891,-0.649,0.5,6,True,0.2879,-16.373,-15.838,-16.61,-20.096,-16.612,-21.751,ok
22,Sokhda,711,Rice,0.2435224128519745,1988.0,1346.6,2686.0,0.484,1.664,1.057,1.602,-1.555,0.348,1.0,6,True,0.3973,-17.969,-18.519,-18.615,-17.309,-16.937,-21.161,ok
22,Sokhda,712,Cotton,0.1901934856010554,1105.6,687.5,1571.0,0.21,0.608,-0.154,0.385,1.423,-0.625,0.78,6,True,0.3348,-19.906,-17.579,-19.469,-18.583,-15.027,-19.759,ok
22,Sokhda,713,Rice,0.1895580570161833,1835.7,1233.5,2491.4,0.348,1.146,0.463,0.801,-1.314,1.027,1.0,6,True,0.1916,-17.308,-16.741,-17.716,-18.147,-15.119,-21.782,ok
22,Sokhda,714,Groundnut,0.155343746258268,2416.2,1531.5,3434.2,0.375,-0.842,-1.324,-0.267,1.949,0.392,0.6,6,True,0.3233,-20.267,-17.364,-20.985,-19.265,-15.486,-19.969,ok
22,Sokhda,715,Maize,0.1700582679178164,2639.5,1719.3,3750.9,0.449,0.94,0.934,0.094,0.796,0.438,0.55,6,True,0.2216,-19.393,-17.125,-17.403,-18.887,-16.439,-20.626,ok
22,Sokhda,716,Rice,0.1936965349530155,1582.8,1079.8,2159.0,0.307,0.184,0.343,-0.293,0.233,0.281,1.0,6,True,0.1897,-19.476,-19.007,-20.16,-19.293,-17.982,-21.539,ok
22,Sokhda,717,Cotton,0.4645281499649691,1230.7,758.9,1783.0,0.572,1.0,-0.332,0.447,1.776,-0.206,0.78,6,True,0.3608,-19.189,-17.363,-19.515,-18.517,-14.905,-19.377,ok
22,Sokhda,718,Rice,0.2041704412449317,1569.8,1058.7,2145.4,0.321,0.13,-0.131,-0.204,-0.352,0.653,1.0,6,True,0.1724,-18.567,-18.196,-20.051,-19.199,-17.872,-21.97,ok
22,Sokhda,719,Bajra,0.5814242488531355,3062.3,1920.9,4473.0,1.78,-0.102,0.14,-1.097,0.695,-0.062,0.5,6,True,0.264,-16.525,-16.041,-17.496,-20.134,-15.595,-21.964,ok
22,Sokhda,720,Cotton,0.2270188182349037,954.2,600.9,1358.6,0.217,0.157,0.608,-1.316,0.782,0.2,0.78,6,True,0.2718,-17.003,-16.446,-17.207,-20.364,-15.399,-22.116,ok
22,Sokhda,721,Bajra,0.4610461902529916,3211.5,1987.9,4636.7,1.481,0.146,0.433,-1.284,0.877,0.099,0.5,6,True,0.2706,-16.713,-16.212,-17.232,-20.33,-15.389,-21.997,ok
22,Sokhda,722,Maize,1.1017437941646242,2545.5,1639.8,3617.6,2.804,0.734,0.965,-0.2,-0.467,0.024,0.55,6,True,0.2751,-16.748,-15.84,-16.073,-19.195,-16.337,-22.069,ok
22,Sokhda,723,Maize,1.154694399908888,2458.8,1579.4,3496.6,2.839,0.537,0.755,1.163,-2.127,-0.756,0.55,6,True,0.3023,-16.634,-15.604,-16.147,-17.768,-15.979,-22.134,ok
22,Sokhda,724,Bajra,0.7672931522856246,2815.4,1779.1,4083.8,2.16,-0.538,-0.142,-0.283,-0.574,-1.024,0.5,6,True,0.2425,-16.639,-15.972,-17.843,-19.282,-16.3,-22.253,ok
22,Sokhda,725,Cotton,1.111107436481167,1091.3,679.4,1546.8,1.213,0.363,-1.665,0.159,1.803,0.323,0.78,6,True,0.3488,-20.223,-16.487,-20.613,-18.819,-14.78,-19.654,ok
22,Sokhda,726,Groundnut,0.3541569000242758,2614.8,1667.9,3689.6,0.926,-0.406,-0.231,-0.649,1.261,-0.354,0.6,6,True,0.2381,-19.075,-17.662,-19.665,-19.665,-16.284,-20.987,ok
22,Sokhda,727,Cotton,1.2313378230403542,767.8,478.0,1112.8,0.945,0.237,-1.58,3.0,-1.358,0.346,0.78,6,True,0.3634,-20.328,-16.932,-20.933,-15.308,-13.336,-18.983,ok
22,Sokhda,728,Groundnut,0.902977754585911,2501.8,1605.1,3571.5,2.259,-0.65,-0.914,-1.261,0.83,0.607,0.6,6,True,0.2893,-20.111,-17.822,-20.836,-20.306,-16.749,-22.015,ok
22,Sokhda,729,Bajra,1.0388574481235149,2865.2,1801.4,4170.0,2.977,-0.447,0.026,-1.2,0.689,-0.65,0.5,6,True,0.2536,-18.485,-17.462,-19.084,-20.242,-16.396,-22.078,ok
22,Sokhda,730,Bajra,1.4641090342420395,3217.5,2002.6,4700.9,4.711,0.155,0.565,-0.946,0.273,-0.289,0.5,6,True,0.2737,-16.752,-16.262,-17.086,-19.976,-16.534,-22.185,ok
22,Sokhda,731,Rice,0.2058149877665178,1784.0,1211.7,2420.9,0.367,0.961,0.934,-0.011,0.22,1.154,1.0,6,True,0.2344,-18.467,-19.534,-19.812,-18.997,-15.791,-21.254,ok
22,Sokhda,732,Rice,0.2718581929545149,1842.1,1261.5,2501.5,0.501,1.169,0.587,1.589,-0.72,-0.344,1.0,6,True,0.2379,-17.022,-17.118,-17.91,-17.322,-15.961,-20.423,ok
22,Sokhda,733,Bajra,2.0441827894040534,3403.2,2113.8,4946.0,6.957,0.447,0.873,-0.521,0.02,-0.35,0.5,6,True,0.2704,-16.457,-16.179,-16.548,-19.531,-15.594,-21.968,ok
22,Sokhda,734,Bajra,0.1343507531623019,3801.7,2347.1,5566.2,0.511,1.022,1.109,-1.88,2.322,1.306,0.5,6,True,0.3116,-18.562,-17.641,-17.661,-20.954,-17.035,-21.323,ok
22,Sokhda,735,Maize,0.15095782865775,2564.5,1651.9,3599.1,0.387,0.776,1.478,-0.103,0.6,-0.862,0.55,6,True,0.31,-18.171,-18.419,-17.892,-19.093,-20.438,-21.009,ok
22,Sokhda,736,Rice,0.1226928559678582,1808.1,1228.8,2459.6,0.222,1.048,0.01,1.241,-2.347,0.686,1.0,6,True,0.3533,-18.785,-17.066,-18.712,-17.686,-17.425,-22.25,ok
22,Sokhda,737,Maize,0.1667354735492448,2520.9,1643.7,3566.5,0.42,0.679,0.601,0.027,-0.353,0.443,0.55,6,True,0.1885,-18.83,-18.045,-18.817,-18.958,-16.571,-21.73,ok
22,Sokhda,738,Rice,0.4379255015595223,1657.0,1104.0,2270.1,0.726,0.481,0.618,0.152,-0.488,0.006,1.0,6,True,0.1752,-19.875,-19.112,-19.857,-18.826,-17.952,-21.72,ok
22,Sokhda,739,Rice,1.0873402446401723,1896.0,1289.1,2569.7,2.062,1.356,0.877,1.212,-0.93,0.372,1.0,6,True,0.3529,-20.173,-18.777,-19.141,-17.716,-15.228,-21.007,ok
22,Sokhda,740,Cotton,0.2318923795238772,528.2,325.2,763.6,0.122,-2.249,-0.441,0.153,-0.46,-3.0,0.78,5,True,0.1525,-18.634,-16.197,-18.51,-18.825,,-21.693,partial_coverage
22,Sokhda,741,Groundnut,0.271422116324136,2075.1,1325.7,2999.9,0.563,-1.68,-3.0,0.232,0.018,1.16,0.6,5,True,0.4842,-19.503,2.117,-20.378,-18.743,,-21.181,partial_coverage
22,Sokhda,742,Groundnut,0.4649353581810703,1689.6,1069.7,2425.8,0.786,-2.813,-3.0,3.0,-3.0,-3.0,0.6,5,True,0.3803,-19.433,11.3,-5.481,-13.066,,-20.932,partial_coverage
22,Sokhda,743,Rice,0.2658589181971164,1754.9,1200.4,2369.7,0.467,0.854,1.077,-0.206,-0.012,0.97,1.0,5,True,0.1942,-18.926,-20.069,-20.136,-19.201,,-21.667,partial_coverage
22,Sokhda,744,Cotton,0.7113912405889645,652.2,411.1,957.4,0.464,-1.73,0.361,-0.846,0.605,-3.0,0.78,5,True,0.2036,-19.037,-19.833,-20.959,-19.871,,-21.783,partial_coverage
22,Sokhda,745,Groundnut,0.1747802257475218,1648.4,1045.0,2376.8,0.288,-2.948,-3.0,2.334,-2.882,-3.0,0.6,5,True,0.4602,-19.409,9.052,-4.219,-16.542,,-21.587,partial_coverage
22,Sokhda,746,Groundnut,0.3915603846145015,1689.6,1067.9,2402.7,0.662,-2.813,-3.0,3.0,-3.0,-3.0,0.6,5,True,0.3803,-19.686,9.025,-17.76,-12.801,,-21.734,partial_coverage
22,Sokhda,747,Groundnut,0.1920327852826328,1990.1,1285.8,2823.0,0.382,-1.91,-3.0,-0.869,1.083,1.146,0.6,5,True,0.4802,-19.401,4.308,-20.233,-19.896,,-21.378,partial_coverage
22,Sokhda,748,Rice,0.186767860375407,1613.9,1092.2,2210.0,0.301,0.31,0.675,-0.366,0.717,0.284,1.0,5,True,0.1645,-19.009,-19.625,-20.287,-19.369,,-21.18,partial_coverage
22,Sokhda,749,Cotton,0.193599475804038,680.1,421.8,989.8,0.132,-0.799,-0.131,0.559,-0.696,-1.055,0.78,5,True,0.1476,-19.469,-18.71,-20.565,-18.4,,-21.481,partial_coverage
22,Sokhda,750,Rice,0.1837497208873704,1689.1,1143.2,2293.0,0.31,0.606,0.577,0.229,-0.789,0.286,1.0,5,True,0.207,-19.314,-18.664,-19.47,-18.745,,-21.909,partial_coverage
22,Sokhda,751,Rice,0.193199249959713,1896.5,1281.6,2588.2,0.366,1.358,0.462,1.318,-1.627,0.787,1.0,5,True,0.3242,-19.022,-18.805,-19.781,-17.605,,-21.522,partial_coverage
22,Sokhda,752,Rice,0.1591541202333353,1856.1,1266.7,2537.8,0.295,1.218,1.571,0.568,-0.695,0.049,1.0,5,True,0.2682,-18.588,-19.533,-18.869,-18.391,,-21.47,partial_coverage
22,Sokhda,753,Rice,0.1573579060004123,1802.9,1229.1,2446.6,0.284,1.029,0.986,0.062,-0.13,1.154,1.0,5,True,0.1525,-18.634,-19.312,-19.513,-18.921,,-21.492,partial_coverage
22,Sokhda,754,Maize,0.2625498992608947,2908.8,1869.2,4070.3,0.764,1.492,1.63,-0.008,-0.347,0.567,0.55,6,True,0.1922,-18.236,-18.872,-18.12,-18.994,-15.35,-21.76,ok
22,Sokhda,755,Cotton,0.3314774007741577,586.8,361.3,824.9,0.195,-0.734,1.784,3.0,-3.0,-3.0,0.78,6,True,0.6925,-17.862,-16.849,-15.869,-15.233,-14.957,-21.257,ok
22,Sokhda,756,Maize,0.3479509361392837,2731.8,1737.9,3820.1,0.951,1.135,1.546,0.506,-1.045,-0.411,0.55,6,True,0.2917,-18.964,-18.609,-17.981,-18.456,-17.748,-21.849,ok
22,Sokhda,757,Cotton,0.2645903261324129,1046.3,650.7,1527.4,0.277,1.075,0.21,1.08,-0.054,0.573,0.78,6,True,0.2859,-19.962,-19.185,-20.536,-17.855,-15.626,-20.358,ok
22,Sokhda,758,Cotton,0.1315961008697458,896.8,553.0,1286.0,0.118,0.784,0.609,1.127,-0.939,0.524,0.78,6,True,0.2116,-18.212,-17.636,-18.395,-17.805,-15.951,-21.104,ok
22,Sokhda,759,Rice,0.218144531998689,1623.7,1117.6,2209.9,0.354,0.35,0.444,-0.042,-0.442,0.197,1.0,6,True,0.1958,-18.905,-18.843,-19.846,-19.03,-16.389,-21.882,ok
22,Sokhda,760,Maize,0.1202864730341352,2259.8,1455.3,3170.6,0.272,0.057,0.389,-0.633,0.208,-0.362,0.55,6,True,0.1942,-18.684,-18.547,-19.632,-19.649,-16.487,-21.917,ok
22,Sokhda,761,Maize,0.1546037054153339,2468.0,1617.9,3474.6,0.382,0.558,0.491,-0.508,-0.284,0.616,0.55,6,True,0.1895,-19.294,-18.769,-19.703,-19.518,-15.962,-22.228,ok
22,Sokhda,762,Groundnut,0.2630388674465399,2547.6,1618.3,3599.9,0.67,-0.55,-1.042,-1.255,0.81,1.084,0.6,6,True,0.2957,-20.148,-17.966,-21.17,-20.299,-16.561,-22.026,ok
22,Sokhda,763,Maize,0.3570899188674475,2728.0,1785.5,3890.4,0.974,1.127,1.209,-0.505,0.265,0.694,0.55,6,True,0.2566,-19.39,-19.347,-19.218,-19.514,-16.975,-21.73,ok
22,Sokhda,764,Cotton,0.1885797174670458,695.5,431.6,1000.1,0.131,-0.574,-0.284,0.746,-0.878,-0.53,0.78,6,True,0.2041,-18.807,-17.973,-20.055,-18.205,-16.91,-21.449,ok
22,Sokhda,765,Rice,0.2219111016544424,1613.1,1094.7,2205.1,0.358,0.307,0.105,-0.267,0.381,0.913,1.0,6,True,0.214,-19.584,-18.829,-20.335,-19.265,-17.175,-21.378,ok
22,Sokhda,766,Rice,0.2154535132991453,1644.4,1110.6,2257.0,0.354,0.432,0.822,0.309,-0.261,-0.667,1.0,6,True,0.1857,-18.6,-18.857,-19.302,-18.662,-17.847,-21.351,ok
22,Sokhda,767,Cotton,0.2871848561492959,692.4,431.6,995.7,0.199,-0.841,-0.007,0.312,-0.463,-1.235,0.78,6,True,0.1963,-19.125,-18.69,-20.362,-18.659,-17.569,-21.53,ok
22,Sokhda,768,Rice,0.2440177351191787,1615.4,1099.6,2189.2,0.394,0.316,0.319,-0.583,0.385,1.144,1.0,6,True,0.2016,-19.082,-19.166,-20.355,-19.596,-17.08,-21.705,ok
22,Sokhda,769,Rice,0.1765142880428612,1562.6,1065.3,2112.1,0.276,0.101,0.665,-0.173,-0.368,-0.592,1.0,6,True,0.2306,-19.711,-19.081,-19.758,-19.167,-18.145,-21.952,ok
22,Sokhda,770,Rice,0.2219246708934913,1638.4,1115.6,2230.0,0.364,0.408,0.523,0.461,-0.988,-0.556,1.0,6,True,0.2961,-18.308,-18.67,-19.557,-18.503,-16.345,-21.846,ok
22,Sokhda,771,Cotton,0.1772280492169337,664.3,415.6,943.9,0.118,-1.198,-0.546,0.024,-0.211,-1.259,0.78,6,True,0.2095,-19.509,-17.659,-20.128,-18.96,-16.617,-21.605,ok
22,Sokhda,772,Rice,0.1670032164235432,1706.7,1149.9,2342.0,0.285,0.673,0.553,0.465,-0.727,0.13,1.0,6,True,0.1736,-19.161,-18.318,-19.161,-18.499,-17.816,-21.607,ok
22,Sokhda,773,Rice,0.1415697472055743,1466.3,983.2,1991.2,0.208,-0.313,0.161,-0.033,-0.335,-1.257,1.0,6,True,0.1964,-18.866,-18.199,-19.621,-19.02,-16.59,-21.776,ok
22,Sokhda,774,Groundnut,0.1543313422773751,2750.0,1750.7,3990.5,0.424,-0.129,-0.027,-0.79,0.097,0.024,0.6,6,True,0.1955,-21.098,-18.454,-20.155,-19.813,-16.16,-22.181,ok
22,Sokhda,775,Cotton,0.1158006612651432,744.0,461.8,1072.3,0.086,-0.397,-0.197,-0.009,-0.585,0.14,0.78,6,True,0.1714,-19.674,-18.582,-20.534,-18.995,-18.172,-21.976,ok
22,Sokhda,776,Cotton,0.2341469614871554,703.9,443.0,1014.8,0.165,-0.851,-0.687,0.052,-0.294,-0.481,0.78,6,True,0.2147,-18.667,-18.113,-20.791,-18.931,-16.615,-21.651,ok
22,Sokhda,777,Groundnut,0.2263347944121557,2577.5,1634.3,3699.3,0.583,-0.486,-0.605,-0.768,0.763,0.197,0.6,6,True,0.2172,-19.182,-18.235,-20.791,-19.79,-16.775,-21.559,ok
22,Sokhda,778,Groundnut,0.3480382868425286,2729.4,1751.1,3935.4,0.95,-0.17,-0.04,-0.898,0.589,-0.0,0.6,6,True,0.1938,-20.283,-18.982,-20.703,-19.926,-17.394,-21.852,ok
22,Sokhda,779,Groundnut,0.3548921999555734,2641.4,1657.9,3733.2,0.937,-0.351,-0.087,-0.919,0.322,-0.346,0.6,6,True,0.252,-19.289,-18.798,-20.588,-19.948,-18.931,-22.113,ok
22,Sokhda,780,Groundnut,0.2658093017686072,2308.5,1456.7,3305.5,0.614,-1.093,-0.755,-1.072,0.947,-0.864,0.6,6,True,0.2792,-19.299,-17.495,-20.274,-20.108,-16.981,-21.712,ok
22,Sokhda,781,Cotton,0.4003466553310766,488.4,302.4,703.7,0.196,-1.727,-0.837,1.277,-1.943,-1.373,0.78,6,True,0.3264,-19.753,-17.587,-20.487,-17.649,-17.264,-21.849,ok
22,Sokhda,782,Groundnut,0.4575363878219974,2549.9,1613.9,3656.9,1.167,-0.545,-0.294,-0.103,-0.398,-0.851,0.6,6,True,0.2468,-19.535,-17.428,-19.525,-19.093,-18.378,-21.906,ok
22,Sokhda,783,Cotton,0.1956508385449216,737.0,460.1,1060.7,0.144,-0.3,0.318,0.499,-0.833,-0.474,0.78,6,True,0.1996,-19.824,-18.568,-19.759,-18.463,-16.342,-21.666,ok
22,Sokhda,784,Maize,0.632636127373582,2339.4,1520.3,3285.6,1.48,0.254,0.62,-0.857,0.672,-0.191,0.55,6,True,0.2579,-19.098,-18.621,-19.364,-19.883,-17.875,-21.734,ok
22,Sokhda,785,Groundnut,0.7169532565048772,2435.6,1558.9,3467.3,1.746,-0.797,-0.73,-0.76,0.412,-0.342,0.6,6,True,0.2743,-20.052,-18.034,-20.776,-19.781,-17.587,-21.865,ok
22,Sokhda,786,Cotton,0.6570106428248202,662.1,418.6,949.9,0.435,-1.16,-0.725,0.0,-0.309,-0.894,0.78,6,True,0.2629,-19.702,-18.068,-20.802,-18.986,-17.944,-21.718,ok
22,Sokhda,787,Groundnut,0.2807751401590921,2835.1,1818.9,4133.2,0.796,0.039,-0.161,-0.782,0.3,0.677,0.6,6,True,0.2174,-19.57,-19.07,-20.97,-19.805,-15.992,-21.99,ok
22,Sokhda,788,Rice,0.123385311733817,1562.9,1075.3,2106.2,0.193,0.102,-0.009,-0.127,0.0,0.28,1.0,6,True,0.2137,-19.237,-19.297,-20.971,-19.118,-17.054,-21.573,ok
22,Sokhda,789,Cotton,0.1396939485543957,790.0,493.8,1124.9,0.11,0.378,0.787,0.729,-1.348,0.476,0.78,6,True,0.3321,-18.749,-18.62,-19.116,-18.222,-16.975,-21.888,ok
22,Sokhda,790,Cotton,0.1914082893579437,755.8,472.1,1096.1,0.145,-0.438,-0.5,0.156,-0.371,-0.005,0.78,6,True,0.2151,-19.477,-17.969,-20.369,-18.823,-16.409,-21.611,ok
22,Sokhda,791,Groundnut,0.083947166842118,3017.0,1899.5,4261.4,0.253,0.382,0.276,-0.531,0.52,0.59,0.6,6,True,0.2071,-20.054,-18.766,-20.019,-19.541,-16.979,-21.529,ok
22,Sokhda,792,Groundnut,0.0942932942934957,3060.1,1952.3,4357.7,0.289,0.46,0.295,0.012,-0.084,0.476,0.6,6,True,0.1909,-17.802,-18.195,-19.42,-18.973,-17.464,-21.503,ok
22,Sokhda,793,Rice,0.3246256692770097,1582.8,1072.5,2164.2,0.514,0.184,0.127,-0.369,-0.053,0.703,1.0,6,True,0.2474,-18.415,-18.741,-20.214,-19.372,-14.094,-21.874,ok
22,Sokhda,794,Maize,0.1129063263213495,2272.1,1468.7,3188.5,0.257,0.088,1.801,-0.382,-0.078,-3.0,0.55,6,True,0.2987,-19.853,-18.061,-17.056,-19.385,-16.807,-21.911,ok
22,Sokhda,795,Maize,0.2239105267904143,2637.5,1703.1,3696.2,0.591,0.935,0.981,-0.425,0.343,0.601,0.55,6,True,0.2828,-19.547,-17.649,-17.858,-19.431,-18.561,-21.578,ok
22,Sokhda,796,Rice,0.1142518769337623,1897.3,1290.1,2584.8,0.217,1.361,0.83,1.008,-1.565,0.778,1.0,5,True,0.3181,-18.273,-18.834,-19.267,-17.93,,-21.791,partial_coverage
22,Sokhda,797,Rice,0.1208214046674961,2098.7,1408.5,2872.5,0.254,2.016,1.262,2.014,-1.729,0.377,1.0,5,True,0.3753,-18.026,-18.03,-17.823,-16.876,,-20.885,partial_coverage
22,Sokhda,798,Rice,0.1127391158777546,1781.0,1214.0,2402.3,0.201,0.95,1.137,-0.05,0.062,0.901,1.0,5,True,0.1592,-19.049,-18.839,-18.817,-19.037,,-21.437,partial_coverage
22,Sokhda,799,Cotton,0.1107441011746814,645.1,403.6,915.8,0.071,-0.825,-0.239,1.057,-1.107,-1.079,0.78,5,True,0.2242,-19.382,-18.12,-20.134,-17.878,,-21.328,partial_coverage
22,Sokhda,800,Bajra,0.1360234059671712,2864.9,1771.6,4077.9,0.39,-0.448,-0.131,-1.151,1.323,-0.387,0.5,5,True,0.2239,-19.734,-17.142,-18.997,-20.19,,-21.456,partial_coverage
22,Sokhda,801,Rice,0.1094261529535914,1564.4,1058.9,2124.7,0.171,0.108,-0.15,-0.081,0.319,0.421,1.0,5,True,0.1606,-19.743,-18.752,-20.635,-19.071,,-21.239,partial_coverage
22,Sokhda,802,Groundnut,0.0797966917113752,3170.9,2018.1,4475.1,0.253,0.656,0.799,-0.695,0.675,0.385,0.6,6,True,0.2263,-20.041,-18.953,-19.431,-19.714,-15.475,-21.562,ok
22,Sokhda,803,Rice,0.1515646512014633,1644.3,1102.7,2226.9,0.249,0.431,0.011,-0.014,-0.006,0.985,1.0,6,True,0.2333,-19.76,-18.744,-20.389,-19.0,-15.912,-21.461,ok
22,Sokhda,804,Groundnut,0.0537714236416745,2596.3,1679.7,3711.1,0.14,-0.445,-0.627,-1.979,1.279,0.941,0.6,6,True,0.2725,-20.094,-18.647,-21.236,-21.058,-17.941,-22.363,ok
22,Sokhda,805,Groundnut,0.0635074404904297,2797.1,1777.4,4008.9,0.178,-0.035,-0.553,-1.147,0.84,1.396,0.6,6,True,0.2138,-19.597,-19.029,-21.509,-20.187,-16.714,-21.887,ok
22,Sokhda,806,Groundnut,0.0431711042055543,3154.4,1987.2,4476.8,0.136,0.627,0.71,-1.579,1.216,0.919,0.6,6,True,0.2602,-20.699,-19.507,-20.117,-20.639,-16.624,-22.002,ok
22,Sokhda,807,Rice,0.0759200580353774,2161.9,1458.2,2911.3,0.164,2.209,1.059,2.363,-2.615,0.635,1.0,6,True,0.5976,-18.371,-19.281,-19.374,-16.511,-15.4,-21.316,ok
22,Sokhda,808,Rice,0.131258609600215,1816.0,1231.9,2492.1,0.238,1.076,0.271,0.94,-1.252,0.88,1.0,6,True,0.3263,-18.48,-18.438,-19.698,-18.001,-16.393,-21.581,ok
22,Sokhda,809,Groundnut,0.1159715025310717,2818.0,1791.6,3989.6,0.327,0.006,0.038,-1.314,0.605,0.495,0.6,6,True,0.26,-20.083,-18.859,-20.463,-20.361,-18.243,-22.273,ok
22,Sokhda,810,Rice,0.1211496772019296,1736.9,1189.3,2365.3,0.21,0.787,0.282,0.72,-1.059,0.416,1.0,6,True,0.3004,-19.115,-18.669,-19.912,-18.232,-17.03,-21.638,ok
22,Sokhda,811,Rice,0.297742258464595,1537.3,1028.8,2077.8,0.458,-0.006,0.265,-0.5,0.332,0.197,1.0,5,True,0.1436,-19.175,-19.51,-20.779,-19.51,,-21.666,partial_coverage
22,Sokhda,812,Rice,0.2442111402427939,1763.9,1202.5,2400.7,0.431,0.887,0.483,0.407,-0.476,0.913,1.0,5,True,0.1568,-19.315,-18.315,-19.262,-18.559,,-21.442,partial_coverage
22,Sokhda,813,Maize,0.2298768091679858,2617.4,1695.8,3666.4,0.602,0.892,1.111,-0.59,0.465,0.338,0.55,5,True,0.2145,-18.778,-19.234,-19.25,-19.604,,-21.641,partial_coverage
22,Sokhda,814,Maize,0.0978368239047849,2788.0,1801.4,3944.2,0.273,1.251,1.668,0.322,-0.225,-0.258,0.55,6,True,0.2659,-18.811,-17.934,-17.126,-18.649,-16.414,-21.306,ok
22,Sokhda,815,Groundnut,0.0971503526011767,3120.9,1952.8,4357.0,0.303,0.569,0.236,-1.438,1.502,1.574,0.6,6,True,0.2186,-19.332,-19.647,-20.958,-20.491,-16.792,-21.596,ok
22,Sokhda,816,Groundnut,0.1071625126011947,2760.6,1754.2,3924.3,0.296,-0.107,-0.125,-1.697,1.433,0.708,0.6,6,True,0.1981,-19.458,-19.164,-21.01,-20.763,-16.993,-21.93,ok
22,Sokhda,817,Rice,0.1094311560835911,1663.2,1119.6,2248.0,0.182,0.506,0.766,-0.418,-0.168,0.78,1.0,6,True,0.184,-19.77,-20.237,-20.764,-19.423,-17.3,-22.029,ok
22,Sokhda,818,Rice,0.103830948142288,1552.8,1074.0,2108.8,0.161,0.06,0.448,-0.407,0.372,-0.03,1.0,6,True,0.2177,-18.378,-19.166,-20.164,-19.411,-16.479,-21.532,ok
22,Sokhda,819,Rice,0.1141998230352523,1558.5,1067.9,2092.0,0.178,0.083,0.958,-1.743,1.14,1.462,1.0,6,True,0.2602,-19.812,-20.803,-21.046,-20.811,-16.65,-22.241,ok
22,Sokhda,820,Cotton,0.1003981066865996,1019.2,631.1,1470.3,0.102,0.327,0.104,0.162,1.128,-0.835,0.78,6,True,0.2893,-19.423,-19.041,-20.547,-18.816,-16.468,-20.258,ok
22,Sokhda,821,Maize,0.1065405460617113,2485.3,1596.5,3483.5,0.265,0.598,0.497,-0.858,0.402,0.877,0.55,6,True,0.2043,-19.317,-19.065,-19.99,-19.884,-16.045,-21.977,ok
22,Sokhda,822,Rice,0.0740734463765256,1495.7,1001.0,2031.4,0.111,-0.184,-0.434,-0.807,-0.003,1.173,1.0,6,True,0.1884,-19.335,-19.362,-21.666,-19.831,-17.284,-22.289,ok
22,Sokhda,823,Rice,0.0583921157578373,1579.3,1090.5,2145.3,0.092,0.17,0.0,-0.296,0.399,0.725,1.0,6,True,0.1895,-19.709,-18.817,-20.478,-19.295,-18.561,-21.392,ok
22,Sokhda,824,Cotton,0.1387819923936704,855.6,439.4,1509.9,0.119,0.0,,,,,0.78,0,False,0.0,,,,,,,not_observed_swath_edge
22,Sokhda,825,Cotton,0.1475317688724449,855.6,427.1,1500.8,0.126,0.0,,,,,0.78,0,False,0.0,,,,,,,not_observed_swath_edge
22,Sokhda,826,Cotton,0.1827191352929136,855.6,435.8,1483.6,0.156,0.0,,,,,0.78,2,False,0.0,-19.398,,,,,-21.038,not_observed_swath_edge
22,Sokhda,827,Cotton,0.0996550657841638,692.0,433.3,1000.8,0.069,-2.344,,-3.0,3.0,-2.93,0.78,3,True,0.1863,-18.694,,,-37.313,,-21.48,partial_coverage
22,Sokhda,828,Cotton,0.0949227479867554,855.6,430.9,1522.2,0.081,0.0,,,,,0.78,2,False,0.0,-18.675,,,,,-20.997,not_observed_swath_edge
22,Sokhda,829,Cotton,0.1199940978419802,827.3,518.0,1215.0,0.099,0.415,0.52,1.3,-1.022,-0.092,0.78,6,True,0.3707,-12.712,-19.393,-20.285,-17.624,-16.304,-20.997,ok
22,Sokhda,830,Cotton,0.2759170239354558,888.5,551.4,1266.1,0.245,0.731,0.612,0.786,-0.932,0.767,0.78,6,True,0.316,-18.816,-18.665,-19.419,-18.162,-15.8,-21.454,ok
22,Sokhda,831,Rice,0.1552055292175185,1520.3,1038.1,2070.8,0.236,-0.078,0.592,-0.308,0.541,-0.769,1.0,6,True,0.2442,-19.543,-19.107,-19.891,-19.308,-15.565,-21.277,ok
22,Sokhda,832,Rice,0.1907426589463837,1743.9,1182.5,2334.9,0.333,0.813,0.307,0.898,-0.345,0.167,1.0,6,True,0.2425,-19.162,-17.953,-19.159,-18.045,-15.928,-20.81,ok
22,Sokhda,833,Rice,0.1761717647857651,1546.1,1048.4,2116.0,0.272,0.031,0.464,0.384,-0.545,-1.395,1.0,6,True,0.1894,-19.206,-18.668,-19.642,-18.583,-17.396,-21.528,ok
22,Sokhda,834,Groundnut,0.2295308197255028,2848.0,1838.8,4031.5,0.654,0.064,0.003,-0.349,0.074,0.221,0.6,6,True,0.2001,-19.107,-18.662,-20.318,-19.351,-17.034,-21.739,ok
22,Sokhda,835,Groundnut,0.2177995484788423,3136.2,2006.6,4463.3,0.683,0.595,0.347,-0.661,0.305,1.049,0.6,6,True,0.1836,-18.899,-18.658,-19.806,-19.678,-17.346,-21.859,ok
22,Sokhda,836,Groundnut,0.2235762389395554,2612.6,1674.1,3679.3,0.584,-0.411,-0.184,-0.771,0.602,-0.39,0.6,6,True,0.2188,-18.822,-18.244,-20.178,-19.793,-16.037,-21.706,ok
22,Sokhda,837,Groundnut,0.0835616443476218,2945.6,1879.5,4143.9,0.246,0.25,0.257,-1.021,1.157,0.546,0.6,6,True,0.2382,-19.32,-19.337,-20.617,-20.055,-15.979,-21.47,ok
22,Sokhda,838,Groundnut,0.172346785243643,2895.8,1845.9,4080.7,0.499,0.156,0.341,-1.169,1.194,0.236,0.6,6,True,0.2237,-19.522,-19.509,-20.666,-20.209,-16.416,-21.592,ok
22,Sokhda,839,Rice,0.2522914812459447,1585.7,1063.2,2171.5,0.4,0.196,0.298,-0.075,0.241,0.029,1.0,6,True,0.2176,-19.825,-18.764,-19.984,-19.064,-16.888,-21.303,ok
22,Sokhda,840,Rice,0.377211274716872,1574.0,1076.8,2136.8,0.594,0.148,0.611,0.054,-0.159,-0.75,1.0,6,True,0.1936,-19.703,-18.708,-19.464,-18.929,-17.187,-21.527,ok
22,Sokhda,841,Rice,0.1391359948060955,1923.6,1285.5,2637.0,0.268,1.45,1.017,0.791,-0.461,1.109,1.0,6,True,0.1971,-18.221,-18.661,-18.817,-18.157,-17.383,-21.026,ok
22,Sokhda,842,Rice,0.110793449073212,1842.5,1247.3,2481.4,0.204,1.17,1.19,0.814,-0.545,0.055,1.0,6,True,0.2929,-18.441,-18.941,-18.84,-18.133,-16.726,-21.078,ok
22,Sokhda,843,Groundnut,0.1070242638186277,2693.4,1699.6,3808.7,0.288,-0.243,-0.644,-1.402,1.71,1.18,0.6,6,True,0.266,-19.965,-18.619,-21.234,-20.454,-19.003,-21.372,ok
22,Sokhda,844,Groundnut,1.2317487681529955,2280.5,1446.8,3255.9,2.809,-1.16,-0.979,-0.616,0.513,-0.848,0.6,6,True,0.2907,-20.207,-17.507,-20.616,-19.63,-17.218,-21.624,ok
22,Sokhda,845,Maize,0.96710747267844,2691.8,1732.4,3755.3,2.603,1.051,0.888,0.558,-0.673,0.565,0.55,6,True,0.2474,-19.032,-17.427,-17.774,-18.401,-18.574,-21.461,ok
22,Sokhda,846,Groundnut,1.099017665409186,2508.1,1595.2,3552.1,2.756,-0.636,-0.961,-1.31,1.024,0.752,0.6,6,True,0.2949,-19.907,-18.205,-21.289,-20.357,-17.885,-21.892,ok
22,Sokhda,847,Groundnut,0.4381955625558037,2366.2,1533.8,3337.4,1.037,-0.957,-1.181,-0.294,1.296,-0.139,0.6,6,True,0.2427,-19.454,-16.384,-19.794,-19.294,-16.653,-20.584,ok
22,Sokhda,848,Groundnut,1.5358885159158298,2182.7,1397.2,3168.6,3.352,-1.402,-2.011,-0.344,1.482,0.317,0.6,6,True,0.3563,-19.688,-16.131,-20.768,-19.346,-16.681,-20.469,ok
22,Sokhda,849,Cotton,2.03901545558419,1225.1,773.5,1767.2,2.498,1.029,-0.925,0.871,1.662,0.124,0.78,6,True,0.3854,-20.256,-17.579,-20.609,-18.074,-15.393,-19.035,ok
22,Sokhda,850,Rice,0.2160738294679637,1858.9,1256.6,2532.7,0.402,1.228,0.586,0.774,-0.455,1.125,1.0,6,True,0.218,-18.316,-17.615,-18.408,-18.175,-16.159,-21.039,ok
22,Sokhda,851,Maize,0.1723727727382348,2468.7,1590.0,3491.8,0.426,0.56,0.576,-0.46,0.311,0.44,0.55,6,True,0.1878,-18.576,-18.86,-19.669,-19.467,-17.499,-21.643,ok
22,Sokhda,852,Cotton,0.2023717315828386,667.4,419.1,958.6,0.135,-0.936,-1.908,0.688,-0.629,0.297,0.78,6,True,0.3402,-18.995,-16.588,-21.074,-18.265,-17.333,-21.285,ok
22,Sokhda,853,Cotton,0.1769559924810128,772.7,486.7,1116.9,0.137,-0.692,-1.951,0.161,0.304,0.341,0.78,6,True,0.3538,-18.943,-16.256,-20.806,-18.817,-16.896,-21.0,ok
22,Sokhda,854,Cotton,0.1548547591093758,728.0,459.0,1036.5,0.113,0.386,-0.608,2.181,-2.052,1.135,0.78,6,True,0.4323,-19.867,-18.315,-20.876,-16.702,-16.394,-21.001,ok
22,Sokhda,855,Rice,0.0850496792683054,1659.9,1132.5,2232.7,0.141,0.493,0.254,-0.207,-0.437,1.122,1.0,6,True,0.1826,-18.234,-19.176,-20.461,-19.202,-17.232,-22.049,ok
22,Sokhda,856,Groundnut,0.0958608547615176,3101.1,1988.2,4402.8,0.297,0.533,0.488,-1.509,0.925,1.062,0.6,6,True,0.1936,-19.492,-19.754,-20.693,-20.565,-16.605,-22.189,ok
22,Sokhda,857,Groundnut,0.1381011761068543,2882.3,1832.8,4037.6,0.398,0.13,0.1,-0.68,-0.101,0.37,0.6,6,True,0.181,-19.134,-18.444,-19.957,-19.698,-16.69,-22.244,ok
22,Sokhda,858,Groundnut,0.1427771999474367,2790.0,1765.5,3942.2,0.398,-0.049,-0.297,-1.077,0.441,0.856,0.6,6,True,0.1856,-19.48,-18.626,-20.726,-20.114,-17.081,-22.172,ok
22,Sokhda,859,Maize,0.3577326280991809,2293.3,1464.1,3243.0,0.82,0.141,0.54,-0.397,-0.131,-0.552,0.55,6,True,0.2326,-19.272,-18.873,-19.735,-19.402,-17.764,-21.974,ok
22,Sokhda,860,Groundnut,0.1652701677622877,2700.9,1736.3,3812.5,0.446,-0.228,-0.626,-1.425,0.978,1.196,0.6,6,True,0.2691,-18.483,-18.968,-21.556,-20.478,-17.992,-22.054,ok
22,Sokhda,861,Rice,0.2813159238431733,1908.1,1292.2,2601.2,0.537,1.398,1.351,0.655,-0.207,0.714,1.0,6,True,0.2282,-18.237,-19.245,-18.906,-18.3,-15.732,-20.941,ok
22,Sokhda,862,Cotton,0.0445838206628545,788.0,487.1,1124.2,0.035,0.797,2.169,2.356,-2.649,-0.531,0.78,6,True,0.6202,-18.264,-19.749,-18.2,-16.518,-16.78,-21.354,ok
22,Sokhda,863,Cotton,0.0540851186411419,560.9,355.4,806.8,0.03,-1.158,-0.142,0.937,-1.721,-0.999,0.78,6,True,0.3648,-18.433,-18.721,-20.593,-18.004,-16.782,-22.006,ok
22,Sokhda,864,Rice,0.2108669190976667,1623.7,1105.6,2206.1,0.342,0.35,-0.452,0.022,-1.091,1.348,1.0,6,True,0.2672,-19.18,-19.017,-21.348,-18.962,-17.202,-22.397,ok
22,Sokhda,865,Groundnut,0.1791520649677305,3028.2,1950.3,4276.1,0.543,0.402,0.531,-1.761,1.373,0.786,0.6,6,True,0.2668,-19.923,-20.21,-21.085,-20.829,-18.396,-22.05,ok
22,Sokhda,866,Rice,0.1765165936370752,1911.0,1289.7,2637.1,0.337,1.408,1.265,0.922,-0.724,0.436,1.0,6,True,0.2062,-18.885,-17.971,-17.76,-18.02,-15.682,-21.126,ok
22,Sokhda,867,Cotton,0.3015272102139709,864.4,534.4,1242.9,0.261,0.2,0.566,-0.272,-0.266,0.319,0.78,6,True,0.2257,-19.732,-19.302,-20.125,-19.27,-18.062,-21.964,ok
22,Sokhda,868,Rice,0.1845603474599867,1760.8,1186.7,2370.0,0.325,0.876,0.756,-0.045,-0.684,1.222,1.0,6,True,0.2902,-17.807,-19.319,-19.861,-19.033,-15.47,-22.103,ok
22,Sokhda,869,Rice,0.2184641327689296,1655.4,1130.6,2237.0,0.362,0.475,0.341,-0.665,0.346,1.686,1.0,6,True,0.2152,-18.815,-19.486,-20.643,-19.682,-16.25,-21.826,ok
22,Sokhda,870,Maize,0.3066656538975378,3026.3,1966.6,4267.7,0.928,1.717,1.855,0.096,-0.312,0.653,0.55,6,True,0.2507,-18.482,-19.166,-18.08,-18.885,-15.871,-21.62,ok
22,Sokhda,871,Groundnut,0.1029649260945853,2763.0,1776.6,3962.7,0.284,-0.103,-0.197,-0.819,0.803,0.414,0.6,6,True,0.2037,-19.646,-18.459,-20.412,-19.844,-17.241,-21.577,ok
22,Sokhda,872,Groundnut,0.1095806230143543,2727.5,1746.6,3884.5,0.299,-0.174,-0.542,-0.212,-0.144,0.568,0.6,6,True,0.1908,-19.365,-17.552,-20.015,-19.208,-17.143,-21.793,ok
22,Sokhda,873,Rice,0.0843428088528327,1750.0,1186.8,2382.8,0.148,0.836,0.614,0.604,-0.457,0.272,1.0,6,True,0.2239,-19.089,-18.391,-19.143,-18.353,-15.774,-21.219,ok
22,Sokhda,874,Bajra,1.5232166940498553,3026.6,1902.5,4450.4,4.61,-0.163,-0.381,-1.114,0.659,0.751,0.5,6,True,0.2522,-17.473,-16.908,-19.133,-20.152,-16.441,-22.015,ok
22,Sokhda,875,Rice,0.1411224451019989,1977.9,1337.3,2677.2,0.279,1.631,1.316,1.223,-1.39,0.501,1.0,6,True,0.3898,-17.919,-18.34,-18.052,-17.705,-14.843,-21.41,ok
22,Sokhda,876,Rice,0.1752761834009421,1595.1,1085.8,2191.0,0.28,0.234,0.18,0.085,0.186,0.043,1.0,6,True,0.2044,-19.851,-19.114,-20.509,-18.897,-18.209,-21.185,ok
22,Sokhda,877,Cotton,0.1609711485552293,713.9,447.6,1020.2,0.115,-0.041,-1.077,1.702,-1.515,0.833,0.78,6,True,0.3571,-20.024,-18.389,-21.644,-17.203,-15.647,-21.02,ok
22,Sokhda,878,Rice,0.3386949417892075,1764.4,1184.3,2403.8,0.598,0.889,0.606,0.399,-0.025,0.759,1.0,6,True,0.2136,-19.46,-18.752,-19.515,-18.568,-17.238,-21.045,ok
22,Sokhda,879,Rice,0.2128233059311567,1659.7,1129.3,2262.7,0.353,0.492,0.256,0.058,-0.042,0.694,1.0,6,True,0.2223,-19.203,-19.32,-20.602,-18.925,-16.633,-21.418,ok
22,Sokhda,880,Rice,0.1798301668974448,1580.9,1071.1,2132.4,0.284,0.176,-0.177,-0.517,-0.093,1.345,1.0,6,True,0.1812,-20.072,-19.004,-20.927,-19.527,-17.734,-22.065,ok
22,Sokhda,881,Rice,0.1944991369526784,1685.3,1147.8,2316.9,0.328,0.591,0.262,-0.17,-0.347,1.326,1.0,6,True,0.1879,-20.175,-19.487,-20.76,-19.164,-17.38,-21.931,ok
22,Sokhda,882,Cotton,0.2305598226740441,854.6,539.7,1222.2,0.197,-0.442,0.111,-0.87,0.833,-0.801,0.78,6,True,0.2164,-20.141,-19.239,-20.736,-19.897,-16.819,-21.603,ok
22,Sokhda,883,Rice,0.3264672261626599,1615.9,1100.1,2218.5,0.528,0.318,0.546,-0.054,-0.15,-0.015,1.0,6,True,0.2039,-19.647,-19.136,-19.989,-19.042,-16.679,-21.632,ok
22,Sokhda,884,Rice,0.2097962149432962,1573.8,1063.3,2156.4,0.33,0.147,0.264,0.808,-1.334,-1.474,1.0,6,True,0.2804,-18.809,-17.563,-18.833,-18.139,-17.062,-21.793,ok
22,Sokhda,885,Cotton,0.1019735320460361,981.3,614.5,1401.3,0.1,0.774,-0.04,0.793,-0.113,0.666,0.78,6,True,0.2585,-20.056,-19.251,-20.971,-18.156,-16.525,-20.712,ok
22,Sokhda,886,Rice,0.1144058863614181,1711.4,1178.3,2333.0,0.196,0.691,-0.389,0.369,0.094,1.651,1.0,6,True,0.2833,-19.771,-19.253,-21.49,-18.599,-15.259,-20.969,ok
22,Sokhda,887,Rice,0.1179508966583617,1717.2,1165.7,2337.2,0.203,0.713,0.446,0.274,0.613,0.694,1.0,5,True,0.1896,-19.759,-19.31,-20.311,-18.698,,-20.603,partial_coverage
22,Sokhda,888,Groundnut,0.314468620786398,2997.2,1902.2,4319.3,0.943,0.346,0.231,-0.501,0.467,0.567,0.6,6,True,0.2013,-19.336,-18.656,-19.975,-19.51,-17.213,-21.545,ok
22,Sokhda,889,Rice,0.1055282470738449,1579.3,1062.9,2151.4,0.167,0.17,0.155,-0.773,0.308,1.272,1.0,6,True,0.2182,-20.012,-19.681,-21.113,-19.795,-16.066,-21.973,ok
22,Sokhda,890,Rice,0.2696928758258272,1503.3,1021.9,2041.8,0.405,-0.151,-0.2,-0.971,1.014,1.198,1.0,6,True,0.2505,-19.978,-19.648,-21.605,-20.002,-15.896,-21.546,ok
22,Sokhda,891,Cotton,0.3149322307546805,892.4,559.9,1277.4,0.281,-0.133,0.081,-0.175,0.668,-0.784,0.78,6,True,0.255,-19.154,-18.846,-20.387,-19.169,-16.05,-21.024,ok
22,Sokhda,892,Cotton,0.1271827683605767,770.9,479.2,1102.3,0.098,-0.288,-0.79,0.44,-0.453,0.334,0.78,6,True,0.213,-19.559,-17.373,-20.204,-18.524,-16.884,-21.387,ok
22,Sokhda,893,Rice,0.1298502627666687,1968.5,1314.9,2721.3,0.256,1.6,1.55,1.201,-1.39,0.121,1.0,6,True,0.3697,-19.395,-18.142,-17.508,-17.728,-15.721,-21.431,ok
22,Sokhda,894,Rice,0.0792063962143296,1471.8,1003.4,1985.8,0.117,-0.288,-0.575,-0.323,-0.838,0.305,1.0,6,True,0.1831,-19.465,-18.257,-20.768,-19.324,-16.209,-22.531,ok
22,Sokhda,895,Cotton,0.0572175419787768,812.7,515.6,1161.3,0.047,-0.179,0.247,-0.382,-0.161,0.009,0.78,6,True,0.1769,-20.1,-17.938,-19.234,-19.386,-17.041,-21.985,ok
22,Sokhda,896,Groundnut,0.2586774676009768,3138.8,2015.6,4426.7,0.812,0.6,0.471,-0.768,1.147,0.885,0.6,6,True,0.2287,-19.255,-18.884,-19.847,-19.79,-16.47,-21.214,ok
22,Sokhda,897,Cotton,0.1810302913238106,738.8,466.8,1061.4,0.134,-0.027,0.387,0.928,-1.258,-0.091,0.78,6,True,0.352,-18.724,-18.719,-19.807,-18.014,-15.585,-21.598,ok
22,Sokhda,898,Cotton,0.1162428115362525,765.0,477.7,1102.6,0.089,0.093,0.422,1.196,-1.16,-0.29,0.78,6,True,0.2834,-17.822,-17.368,-18.405,-17.733,-16.836,-21.231,ok
22,Sokhda,899,Rice,0.1171610808001504,1821.0,1227.0,2456.4,0.213,1.094,1.101,0.104,-0.395,1.106,1.0,6,True,0.1969,-19.882,-19.525,-19.557,-18.876,-16.269,-21.686,ok
22,Sokhda,900,Bajra,0.1358093396786282,2735.1,1710.3,3938.6,0.371,-0.689,-0.33,-0.957,2.193,-0.71,0.5,6,True,0.2459,-19.275,-17.548,-19.697,-19.987,-16.767,-20.472,ok
22,Sokhda,901,Cotton,0.075706859002092,629.8,396.7,911.3,0.048,-0.367,0.722,1.917,-2.11,-1.131,0.78,6,True,0.4449,-19.236,-17.958,-18.549,-16.978,-16.251,-21.33,ok
22,Sokhda,902,Rice,0.0952646321428098,1696.5,1155.0,2305.3,0.162,0.634,0.416,0.411,-1.583,0.3,1.0,6,True,0.3216,-19.797,-18.25,-19.296,-18.555,-16.4,-22.433,ok
22,Sokhda,903,Cotton,0.0892527853089992,693.0,436.6,983.2,0.062,-0.824,-0.593,0.42,-0.483,-0.709,0.78,6,True,0.2637,-20.161,-18.352,-20.891,-18.546,-14.452,-21.435,ok
22,Sokhda,904,Cotton,0.0723672564810679,745.2,467.6,1066.6,0.054,-0.068,-0.979,1.22,-1.119,0.775,0.78,6,True,0.2426,-19.072,-18.023,-21.133,-17.708,-15.697,-21.168,ok
22,Sokhda,905,Rice,0.1458658579830193,1766.7,1195.8,2391.8,0.258,0.897,0.662,0.164,-0.459,1.079,1.0,6,True,0.2121,-17.137,-17.741,-18.421,-18.814,-15.012,-21.681,ok
22,Sokhda,906,Rice,0.1279777800665164,1756.6,1192.2,2427.4,0.225,0.861,0.85,-0.027,-0.038,1.02,1.0,6,True,0.219,-17.388,-18.492,-18.895,-19.014,-15.447,-21.503,ok
22,Sokhda,907,Groundnut,0.2555723780231709,2560.7,1629.1,3644.7,0.654,-0.521,-0.167,-0.826,1.317,-0.666,0.6,6,True,0.2119,-19.325,-18.708,-20.616,-19.85,-17.932,-21.122,ok
22,Sokhda,908,Groundnut,0.2628129174717634,2937.9,1875.8,4076.9,0.772,0.235,-0.013,-0.612,1.646,0.801,0.6,6,True,0.2578,-19.018,-17.523,-19.203,-19.626,-15.913,-20.602,ok
22,Sokhda,909,Rice,0.3282170765911494,1890.8,1265.0,2567.4,0.621,1.338,1.061,0.843,-0.318,0.656,1.0,6,True,0.2277,-19.504,-17.823,-17.914,-18.103,-15.647,-20.844,ok
22,Sokhda,910,Rice,0.1143935455680247,1837.1,1242.8,2485.2,0.21,1.151,0.848,1.097,-1.141,0.029,1.0,6,True,0.3004,-18.642,-18.191,-18.597,-17.837,-18.011,-21.317,ok
22,Sokhda,911,Rice,0.1301020646859798,1663.7,1136.5,2271.9,0.216,0.508,0.726,-0.22,0.029,0.523,1.0,6,True,0.2494,-18.967,-19.053,-19.64,-19.216,-14.016,-21.644,ok
22,Sokhda,912,Maize,0.0945117623795066,2783.4,1775.3,3922.1,0.263,1.242,1.605,-0.174,-0.708,0.082,0.55,6,True,0.2769,-18.757,-19.11,-18.395,-19.168,-16.173,-22.26,ok
22,Sokhda,913,Groundnut,0.3779617053493314,2593.2,1651.8,3674.6,0.98,-0.452,-0.442,-1.108,0.598,0.149,0.6,6,True,0.1958,-19.466,-18.607,-20.922,-20.146,-16.864,-22.063,ok
22,Sokhda,914,Cotton,1.1399690165045444,711.4,445.4,1019.6,0.811,-0.919,-0.7,0.141,-0.072,-0.894,0.78,6,True,0.2237,-19.694,-17.981,-20.679,-18.838,-16.804,-21.357,ok
22,Sokhda,915,Cotton,0.1066133551049159,744.5,459.1,1065.3,0.079,-1.109,-1.624,-0.803,0.737,-0.152,0.78,6,True,0.3346,-19.278,-17.291,-21.357,-19.827,-16.586,-21.62,ok
22,Sokhda,916,Cotton,0.2145564857986854,735.6,459.9,1068.7,0.158,-0.654,-0.414,-0.231,-0.237,-0.2,0.78,6,True,0.1869,-18.815,-17.987,-20.261,-19.227,-17.313,-21.895,ok
22,Sokhda,917,Maize,0.3287995156658739,2503.2,1621.7,3568.0,0.823,0.639,0.851,-0.954,0.788,0.377,0.55,6,True,0.2096,-19.641,-19.54,-19.941,-19.985,-16.276,-21.731,ok
22,Sokhda,918,Cotton,0.1680511670318878,796.2,502.5,1140.6,0.134,-0.255,0.835,0.048,-0.215,-1.083,0.78,6,True,0.2028,-19.465,-19.244,-19.668,-18.935,-16.508,-21.583,ok
22,Sokhda,919,Cotton,0.1895262229941397,855.6,431.9,1487.3,0.162,0.0,,,,,0.78,0,False,0.0,,,,,,,not_observed_swath_edge
22,Sokhda,920,Cotton,0.1831528089789255,855.6,442.1,1502.9,0.157,0.0,,,,,0.78,0,False,0.0,,,,,,,not_observed_swath_edge
22,Sokhda,921,Groundnut,0.1540439114371215,2835.6,1805.0,4081.8,0.437,0.04,0.126,-1.936,1.474,0.731,0.6,6,True,0.1951,-20.011,-18.899,-20.374,-21.013,-16.182,-22.143,ok
22,Sokhda,922,Cotton,0.0640930030766061,796.0,492.9,1144.5,0.051,0.363,0.319,2.058,-1.262,-0.496,0.78,6,True,0.2463,-19.035,-17.137,-18.325,-16.831,-15.068,-20.419,ok
22,Sokhda,923,Groundnut,0.0494887662557629,2788.4,1780.2,3952.2,0.138,-0.052,-0.269,-2.029,1.393,1.273,0.6,6,True,0.285,-19.456,-19.022,-21.081,-21.11,-18.554,-22.312,ok
22,Sokhda,924,Maize,0.0496604856604014,2637.6,1701.2,3749.4,0.131,0.936,1.106,-0.951,-0.13,0.636,0.55,6,True,0.2836,-20.198,-17.461,-17.484,-19.981,-16.531,-22.553,ok
22,Sokhda,925,Bajra,0.1072210698309332,3193.6,1996.4,4673.0,0.342,0.116,0.563,-1.839,1.732,0.067,0.5,6,True,0.268,-19.847,-18.166,-18.994,-20.911,-15.82,-21.81,ok
22,Sokhda,926,Maize,0.1939525270225895,2922.3,1881.5,4078.7,0.567,1.518,1.874,0.023,0.49,0.168,0.55,6,True,0.2895,-18.629,-18.939,-17.826,-18.961,-17.591,-20.976,ok
22,Sokhda,927,Rice,0.2237883747382338,1590.7,1071.9,2164.3,0.356,0.216,0.205,-0.466,0.24,0.839,1.0,6,True,0.2302,-19.061,-19.091,-20.448,-19.474,-15.596,-21.713,ok
22,Sokhda,928,Rice,0.242754563762465,1602.4,1092.3,2167.6,0.389,0.264,0.113,0.191,-0.476,0.049,1.0,6,True,0.1969,-18.574,-18.357,-19.851,-18.785,-16.897,-21.668,ok
22,Sokhda,929,Rice,0.106818048212991,1854.2,1255.6,2518.1,0.198,1.211,0.502,1.075,-0.321,0.715,1.0,6,True,0.2536,-17.954,-17.505,-18.423,-17.86,-15.374,-20.603,ok
22,Sokhda,930,Rice,0.171696067060587,1606.4,1084.1,2193.9,0.276,0.28,-0.144,-0.026,-0.254,0.801,1.0,6,True,0.205,-19.108,-18.295,-20.168,-19.013,-16.683,-21.697,ok
22,Sokhda,931,Groundnut,0.2475881094052968,2050.5,1301.9,2912.7,0.508,-1.746,-3.0,0.857,-0.167,0.686,0.6,5,True,0.4765,-19.339,5.672,-18.323,-18.088,,-20.692,partial_coverage
22,Sokhda,932,Cotton,0.1692190018351312,899.5,562.4,1273.2,0.152,0.435,0.22,0.685,-0.315,0.148,0.78,6,True,0.2161,-17.889,-17.39,-18.726,-18.268,-16.709,-21.006,ok
22,Sokhda,933,Groundnut,0.092900275003397,3182.9,2016.1,4530.5,0.296,0.677,0.398,-0.413,-0.423,1.031,0.6,6,True,0.2018,-18.922,-18.393,-19.465,-19.418,-15.005,-22.253,ok
22,Sokhda,934,Rice,0.1529436955651186,1632.6,1118.5,2224.3,0.25,0.385,0.525,-0.243,0.415,0.503,1.0,6,True,0.1845,-19.559,-18.328,-19.212,-19.24,-18.116,-21.322,ok
22,Sokhda,935,Groundnut,0.1428861233922938,2527.9,1640.6,3606.6,0.361,-0.593,-0.761,-0.544,0.537,0.109,0.6,6,True,0.2796,-19.134,-17.481,-20.269,-19.555,-17.97,-21.527,ok
22,Sokhda,936,Maize,0.1377366889078163,2416.8,1551.3,3429.1,0.333,0.439,0.858,-0.833,0.383,-0.186,0.55,6,True,0.2662,-18.892,-18.703,-19.094,-19.858,-17.789,-21.969,ok
22,Sokhda,937,Rice,0.3464536140290312,1863.8,1267.5,2529.7,0.646,1.245,0.307,1.299,-0.358,0.723,1.0,6,True,0.2577,-18.842,-18.539,-19.746,-17.626,-16.273,-20.403,ok
22,Sokhda,938,Rice,0.1336748175705457,1584.0,1068.4,2153.5,0.212,0.189,0.002,-0.391,-0.107,0.928,1.0,6,True,0.2058,-18.893,-19.253,-20.912,-19.395,-16.558,-21.945,ok
22,Sokhda,939,Rice,0.1779265209567096,2057.9,1401.5,2796.8,0.366,1.888,1.143,1.766,-1.424,0.587,1.0,6,True,0.412,-17.122,-18.536,-18.505,-17.136,-15.827,-20.871,ok
22,Sokhda,940,Rice,0.219683468521454,1632.5,1112.9,2214.1,0.359,0.385,0.077,-0.21,-0.093,1.076,1.0,6,True,0.2458,-19.842,-19.203,-20.751,-19.205,-14.743,-21.744,ok
22,Sokhda,941,Rice,0.123144348245238,1921.6,1304.8,2593.9,0.237,1.444,1.551,0.977,-0.945,0.046,1.0,6,True,0.3304,-18.881,-18.286,-17.651,-17.963,-15.376,-21.267,ok
22,Sokhda,942,Rice,0.0647328678826952,1645.1,1114.0,2225.8,0.106,0.435,0.589,0.083,-0.689,0.029,1.0,6,True,0.2671,-20.102,-19.188,-19.977,-18.898,-17.039,-21.972,ok
22,Sokhda,943,Rice,0.1824430019990338,1490.1,1010.5,2029.5,0.272,-0.208,0.403,-0.532,0.399,-0.506,1.0,6,True,0.2141,-19.625,-19.64,-20.704,-19.543,-16.781,-21.64,ok
22,Sokhda,944,Maize,0.1608983748175893,2420.4,1566.2,3465.6,0.389,0.447,0.577,-0.654,0.716,0.26,0.55,6,True,0.2053,-19.116,-18.829,-19.636,-19.67,-16.901,-21.482,ok
22,Sokhda,945,Rice,0.228613453307838,1760.2,1193.2,2380.8,0.402,0.874,-0.135,1.359,-1.367,0.218,1.0,6,True,0.3257,-17.518,-17.871,-19.733,-17.563,-16.231,-21.246,ok
22,Sokhda,946,Rice,0.2019408294766841,1745.4,1175.2,2373.4,0.352,0.819,-0.047,1.191,-1.281,0.211,1.0,6,True,0.3353,-19.209,-18.739,-20.47,-17.739,-17.225,-21.345,ok
22,Sokhda,947,Rice,0.3391261218718195,1595.0,1081.2,2192.3,0.541,0.234,0.342,0.067,-0.234,-0.156,1.0,6,True,0.2024,-19.68,-18.962,-20.117,-18.915,-16.981,-21.58,ok
22,Sokhda,948,Groundnut,0.2396940611079569,2356.3,1494.9,3329.5,0.565,-0.98,-1.314,-1.437,1.095,0.619,0.6,6,True,0.312,-17.971,-17.592,-21.197,-20.49,-15.557,-21.961,ok
22,Sokhda,949,Rice,0.2458454973487787,1912.1,1288.2,2606.3,0.47,1.411,1.355,1.177,-1.163,-0.089,1.0,6,True,0.3604,-18.175,-18.665,-18.321,-17.754,-16.278,-21.254,ok
22,Sokhda,950,Cotton,0.1190642979792507,805.9,503.1,1141.4,0.096,0.088,-0.969,0.941,-0.703,0.889,0.78,6,True,0.2484,-19.267,-17.539,-20.633,-18.0,-15.778,-21.087,ok
22,Sokhda,951,Groundnut,0.1117156758446639,3043.9,1931.2,4301.2,0.34,0.431,-0.09,-0.966,0.451,1.598,0.6,6,True,0.2038,-19.065,-18.65,-20.444,-19.997,-16.226,-22.047,ok
22,Sokhda,952,Rice,0.1426694677978951,1502.8,1021.8,2039.5,0.214,-0.153,-0.158,0.003,-0.397,-0.424,1.0,6,True,0.1931,-18.575,-18.661,-20.557,-18.983,-17.326,-21.794,ok
22,Sokhda,953,Groundnut,0.1112147414359093,3215.5,2045.5,4568.0,0.358,0.733,0.513,-0.627,0.572,1.064,0.6,6,True,0.2143,-18.889,-19.217,-20.119,-19.642,-16.534,-21.583,ok
22,Sokhda,954,Rice,0.1189156378709653,1584.6,1068.6,2176.7,0.188,0.191,0.21,-0.59,0.302,0.962,1.0,6,True,0.1843,-19.425,-19.176,-20.527,-19.603,-17.972,-21.787,ok
22,Sokhda,955,Rice,0.1598716600319468,1591.7,1085.7,2180.6,0.254,0.22,-0.097,-0.482,0.23,1.3,1.0,6,True,0.2087,-19.71,-19.474,-21.279,-19.49,-17.219,-21.738,ok
22,Sokhda,956,Cotton,0.2369409254204545,785.2,493.5,1119.7,0.186,-0.197,-0.299,-0.068,-0.445,0.494,0.78,6,True,0.2056,-19.433,-19.026,-21.13,-19.057,-16.648,-21.912,ok
22,Sokhda,957,Cotton,0.1368249967058088,1035.4,644.4,1478.4,0.142,0.868,0.201,-0.039,0.228,1.073,0.78,6,True,0.2025,-18.785,-18.398,-19.761,-19.026,-17.618,-21.277,ok
22,Sokhda,958,Groundnut,0.2280371225756999,1982.9,1279.1,2827.1,0.452,-1.93,-3.0,-0.786,1.076,1.055,0.6,5,True,0.4546,-18.097,-14.196,-21.297,-19.808,,-21.297,partial_coverage
22,Sokhda,959,Maize,0.1804921380158735,2416.4,1557.5,3439.9,0.436,0.438,0.811,-0.814,1.034,-0.111,0.55,5,True,0.213,-19.024,-18.998,-19.459,-19.838,,-21.363,partial_coverage
22,Sokhda,960,Cotton,0.2464361085988086,425.9,263.2,618.4,0.105,-2.4,,3.0,-3.0,-3.0,0.78,4,True,0.3881,-19.621,,-22.25,-12.014,,-21.653,partial_coverage
22,Sokhda,961,Cotton,0.3766997190558057,855.6,444.6,1484.9,0.322,0.0,,,,,0.78,0,False,0.0,,,,,,,not_observed_swath_edge
22,Sokhda,962,Cotton,0.225381916555041,855.6,425.8,1487.2,0.193,0.0,,,,,0.78,0,False,0.0,,,,,,,not_observed_swath_edge
22,Sokhda,963,Cotton,0.2290561819742954,855.6,429.3,1530.7,0.196,0.0,,,,,0.78,0,False,0.0,,,,,,,not_observed_swath_edge
22,Sokhda,964,Cotton,0.1752785405928226,855.6,430.0,1454.6,0.15,0.0,,,,,0.78,0,False,0.0,,,,,,,not_observed_swath_edge
22,Sokhda,965,Cotton,0.2092750658404556,855.6,432.6,1517.6,0.179,0.0,,,,,0.78,0,False,0.0,,,,,,,not_observed_swath_edge
22,Sokhda,966,Groundnut,0.7919911341656249,1633.2,1037.7,2358.1,1.293,-2.999,-3.0,2.084,-2.457,-3.0,0.6,5,True,0.4684,-19.355,8.683,-18.327,-16.803,,-21.466,partial_coverage
